{"stats":{"minecraft:killed":{"minecraft:witch":2,"minecraft:spider":31,"minecraft:skeleton":12,"minecraft:bee":1,"minecraft:chicken":29,"minecraft:silverfish":2,"minecraft:pig":4,"minecraft:iron_golem":1,"minecraft:creeper":7,"minecraft:sheep":18,"minecraft:zombie":72,"minecraft:cow":5,"minecraft:blaze":1,"minecraft:horse":1,"minecraft:bat":1,"minecraft:villager":2,"minecraft:enderman":1},"minecraft:mined":{"minecraft:white_bed":13,"minecraft:farmland":3,"minecraft:cobblestone_stairs":7,"minecraft:brewing_stand":1,"minecraft:granite":23,"minecraft:grass_block":380,"minecraft:hopper":3,"minecraft:nether_wart":20,"minecraft:oak_wall_sign":1,"minecraft:oxeye_daisy":1,"minecraft:tall_seagrass":2,"minecraft:magma_block":2,"minecraft:glowstone":23,"minecraft:iron_ore":76,"minecraft:cobbled_deepslate":1,"minecraft:fire":1,"minecraft:deepslate_lapis_ore":5,"minecraft:azure_bluet":2,"minecraft:nether_brick_stairs":1,"minecraft:pointed_dripstone":1,"minecraft:cave_vines":3,"minecraft:dirt_path":18,"minecraft:oak_stairs":1,"minecraft:deepslate_redstone_ore":8,"minecraft:twisting_vines_plant":1,"minecraft:torch":9,"minecraft:poppy":1,"minecraft:chest":21,"minecraft:glass":6,"minecraft:cobblestone":663,"minecraft:oak_planks":16,"minecraft:wall_torch":16,"minecraft:seagrass":3,"minecraft:stone_stairs":1,"minecraft:warped_nylium":1,"minecraft:powered_rail":11,"minecraft:mud":1,"minecraft:birch_log":43,"minecraft:wheat":466,"minecraft:warped_fungus":1,"minecraft:oak_log":134,"minecraft:sand":111,"minecraft:dirt":446,"minecraft:netherrack":183,"minecraft:oak_leaves":107,"minecraft:deepslate":35,"minecraft:nether_gold_ore":8,"minecraft:tuff":3,"minecraft:mossy_cobblestone":50,"minecraft:deepslate_diamond_ore":12,"minecraft:oak_door":1,"minecraft:stripped_birch_log":1,"minecraft:oak_trapdoor":4,"minecraft:furnace":1,"minecraft:carrots":228,"minecraft:andesite":25,"minecraft:gold_block":3,"minecraft:bookshelf":3,"minecraft:potatoes":244,"minecraft:deepslate_iron_ore":13,"minecraft:cobblestone_slab":15,"minecraft:rail":166,"minecraft:stone":1591,"minecraft:white_wool":1,"minecraft:oak_slab":2,"minecraft:soul_sand":10,"minecraft:stone_brick_slab":1,"minecraft:dandelion":4,"minecraft:oak_fence":2,"minecraft:crafting_table":5,"minecraft:short_grass":947,"minecraft:emerald_ore":2,"minecraft:warped_roots":2,"minecraft:campfire":4,"minecraft:stone_slab":1,"minecraft:tall_grass":268,"minecraft:copper_ore":7,"minecraft:lapis_ore":3,"minecraft:diorite":39,"minecraft:cobblestone_wall":4,"minecraft:redstone_torch":5,"minecraft:birch_leaves":14,"minecraft:coal_ore":49,"minecraft:gravel":16,"minecraft:dripstone_block":6,"minecraft:cracked_stone_bricks":1,"minecraft:gold_ore":6},"minecraft:killed_by":{"minecraft:ghast":1,"minecraft:creeper":2,"minecraft:piglin":3,"minecraft:silverfish":1,"minecraft:zombie":8,"minecraft:player":1,"minecraft:spider":3,"minecraft:iron_golem":1,"minecraft:hoglin":2,"minecraft:skeleton":10},"minecraft:used":{"minecraft:dispenser":11,"minecraft:ladder":3,"minecraft:oak_sign":6,"minecraft:chest":66,"minecraft:iron_sword":533,"minecraft:stone":22,"minecraft:zombie_spawn_egg":3,"minecraft:rotten_flesh":23,"minecraft:iron_chestplate":1,"minecraft:soul_campfire":9,"minecraft:mutton":25,"minecraft:carrot":268,"minecraft:tuff":9,"minecraft:glass":87,"minecraft:lava_bucket":13,"minecraft:villager_spawn_egg":1,"minecraft:grass_block":132,"minecraft:iron_helmet":3,"minecraft:golden_sword":34,"minecraft:scaffolding":83,"minecraft:furnace":1,"minecraft:gold_block":3,"minecraft:egg":71,"minecraft:potato":265,"minecraft:golden_boots":2,"minecraft:stone_pickaxe":87,"minecraft:powered_rail":54,"minecraft:oak_planks":164,"minecraft:glow_berries":15,"minecraft:dripstone_block":6,"minecraft:stone_brick_wall":2,"minecraft:deepslate_brick_stairs":61,"minecraft:redstone_torch":19,"minecraft:bread":24,"minecraft:string":1,"minecraft:andesite":8,"minecraft:smooth_stone_slab":328,"minecraft:bone_meal":9,"minecraft:oak_trapdoor":8,"minecraft:netherite_sword":17,"minecraft:stone_shovel":219,"minecraft:redstone":2,"minecraft:stone_hoe":309,"minecraft:netherrack":125,"minecraft:torch":148,"minecraft:dirt":860,"minecraft:anvil":1,"minecraft:white_carpet":2,"minecraft:hopper":33,"minecraft:twisting_vines":1,"minecraft:cobblestone_wall":6,"minecraft:stone_stairs":1,"minecraft:iron_hoe":17,"minecraft:iron_axe":253,"minecraft:oak_stairs":1,"minecraft:chicken_spawn_egg":21,"minecraft:beef":2,"minecraft:minecart":16,"minecraft:enchanted_golden_apple":1,"minecraft:cooked_beef":13,"minecraft:observer":9,"minecraft:cobbled_deepslate":35,"minecraft:wheat_seeds":643,"minecraft:cooked_mutton":2,"minecraft:water_bucket":121,"minecraft:cobblestone_stairs":18,"minecraft:baked_potato":31,"minecraft:blue_wool":2,"minecraft:cauldron":3,"minecraft:cobblestone_slab":72,"minecraft:deepslate_bricks":97,"minecraft:warped_roots":1,"minecraft:mossy_cobblestone":21,"minecraft:rail":427,"minecraft:comparator":3,"minecraft:oak_slab":4,"minecraft:crafting_table":14,"minecraft:white_bed":16,"minecraft:campfire":9,"minecraft:oak_log":20,"minecraft:wooden_hoe":15,"minecraft:ender_eye":88,"minecraft:diamond_pickaxe":729,"minecraft:cornflower":1,"minecraft:oak_button":2,"minecraft:iron_pickaxe":2497,"minecraft:stone_slab":3,"minecraft:stone_axe":76,"minecraft:cobblestone":1518,"minecraft:porkchop":2,"minecraft:bucket":56,"minecraft:yellow_bed":1,"minecraft:smooth_stone":352},"minecraft:crafted":{"minecraft:oak_planks":436,"minecraft:cobblestone_slab":100,"minecraft:oak_sign":3,"minecraft:cooked_mutton":5,"minecraft:glass":27,"minecraft:hopper":10,"minecraft:iron_boots":2,"minecraft:chest":24,"minecraft:oak_button":2,"minecraft:stone_hoe":2,"minecraft:golden_boots":1,"minecraft:crafting_table":5,"minecraft:iron_helmet":2,"minecraft:wooden_hoe":1,"minecraft:iron_chestplate":2,"minecraft:stick":52,"minecraft:iron_ingot":121,"minecraft:iron_pickaxe":11,"minecraft:redstone_torch":11,"minecraft:stone_shovel":1,"minecraft:furnace":1,"minecraft:bone_meal":21,"minecraft:oak_trapdoor":4,"minecraft:iron_axe":1,"minecraft:stone_pickaxe":3,"minecraft:cobblestone_wall":6,"minecraft:minecart":2,"minecraft:iron_sword":2,"minecraft:bucket":6,"minecraft:stone_axe":1,"minecraft:bread":37,"minecraft:air":0,"minecraft:iron_leggings":2,"minecraft:white_bed":1,"minecraft:torch":16},"minecraft:dropped":{"minecraft:glow_ink_sac":5,"minecraft:baked_potato":1,"minecraft:crafting_table":1,"minecraft:rail":32,"minecraft:emerald":3,"minecraft:cobblestone_stairs":2,"minecraft:gold_block":1,"minecraft:dirt":30,"minecraft:gold_nugget":8,"minecraft:bone_meal":12,"minecraft:iron_pickaxe":3,"minecraft:white_wool":10,"minecraft:bone":11,"minecraft:pointed_dripstone":2,"minecraft:oak_planks":128,"minecraft:poppy":1,"minecraft:gunpowder":18,"minecraft:stone_brick_wall":1,"minecraft:glass":87,"minecraft:arrow":130,"minecraft:powered_rail":1,"minecraft:beef":3,"minecraft:netherrack":4,"minecraft:egg":2,"minecraft:water_bucket":1,"minecraft:iron_ingot":19,"minecraft:wheat_seeds":39,"minecraft:mossy_cobblestone":20,"minecraft:minecart":2,"minecraft:oak_fence":1,"minecraft:iron_helmet":2,"minecraft:cobblestone":1047,"minecraft:apple":1,"minecraft:stick":54,"minecraft:torch":5,"minecraft:string":3,"minecraft:stone_brick_slab":4,"minecraft:dandelion":2,"minecraft:oak_trapdoor":1,"minecraft:cobblestone_wall":1,"minecraft:smooth_stone_slab":19,"minecraft:tuff":1,"minecraft:name_tag":2,"minecraft:cobblestone_slab":16,"minecraft:diamond_pickaxe":3,"minecraft:oak_boat":1,"minecraft:spider_eye":4,"minecraft:stone_pickaxe":1},"minecraft:broken":{"minecraft:golden_sword":1,"minecraft:stone_axe":1,"minecraft:iron_sword":1,"minecraft:stone_shovel":2,"minecraft:stone_hoe":1,"minecraft:iron_axe":1,"minecraft:iron_pickaxe":9},"minecraft:custom":{"minecraft:animals_bred":125,"minecraft:interact_with_crafting_table":107,"minecraft:leave_game":39,"minecraft:time_since_death":2747,"minecraft:sprint_one_cm":2326699,"minecraft:drop":408,"minecraft:talked_to_villager":33,"minecraft:play_time":975512,"minecraft:deaths":50,"minecraft:jump":14991,"minecraft:walk_on_water_one_cm":142464,"minecraft:interact_with_furnace":56,"minecraft:sleep_in_bed":43,"minecraft:damage_dealt":27438,"minecraft:crouch_one_cm":52094,"minecraft:inspect_dispenser":26,"minecraft:horse_one_cm":400,"minecraft:mob_kills":196,"minecraft:interact_with_anvil":1,"minecraft:inspect_hopper":4,"minecraft:climb_one_cm":105707,"minecraft:walk_one_cm":1807789,"minecraft:sneak_time":22238,"minecraft:walk_under_water_one_cm":42424,"minecraft:boat_one_cm":2069,"minecraft:total_world_time":975906,"minecraft:time_since_rest":2801,"minecraft:damage_taken":16374,"minecraft:minecart_one_cm":41942,"minecraft:swim_one_cm":31956,"minecraft:fly_one_cm":4313883,"minecraft:open_chest":396,"minecraft:fall_one_cm":487602},"minecraft:picked_up":{"minecraft:iron_chestplate":6,"minecraft:wheat":281,"minecraft:stone_slab":1,"minecraft:oak_stairs":3,"minecraft:potion":5,"minecraft:enchanted_book":5,"minecraft:brewing_stand":9,"minecraft:golden_sword":1,"minecraft:string":94,"minecraft:raw_copper":18,"minecraft:smooth_stone_slab":20,"minecraft:iron_leggings":11,"minecraft:oak_sign":2,"minecraft:cobbled_deepslate":31,"minecraft:gold_nugget":137,"minecraft:smooth_stone":1,"minecraft:comparator":1,"minecraft:bucket":22,"minecraft:redstone_torch":6,"minecraft:cobblestone_slab":28,"minecraft:iron_pickaxe":20,"minecraft:enchanted_golden_apple":5,"minecraft:iron_boots":21,"minecraft:stick":249,"minecraft:oak_fence":4,"minecraft:torch":51,"minecraft:porkchop":17,"minecraft:golden_axe":1,"minecraft:pointed_dripstone":9,"minecraft:diorite":39,"minecraft:cauldron":3,"minecraft:rotten_flesh":435,"minecraft:blaze_rod":2,"minecraft:obsidian":2,"minecraft:cobblestone":4222,"minecraft:birch_log":172,"minecraft:magma_block":2,"minecraft:feather":19,"minecraft:cooked_beef":95,"minecraft:water_bucket":5,"minecraft:andesite":51,"minecraft:golden_leggings":2,"minecraft:potato":823,"minecraft:flint":38,"minecraft:tuff":9,"minecraft:stripped_birch_log":3,"minecraft:lapis_lazuli":402,"minecraft:dirt":1174,"minecraft:name_tag":14,"minecraft:twisting_vines":1,"minecraft:glass":44,"minecraft:bone":84,"minecraft:bow":1,"minecraft:wheat_seeds":1499,"minecraft:raw_gold":5,"minecraft:glowstone_dust":128,"minecraft:powered_rail":22,"minecraft:stone_hoe":1,"minecraft:oak_planks":447,"minecraft:poisonous_potato":14,"minecraft:sand":111,"minecraft:nether_brick_stairs":2,"minecraft:mossy_cobblestone":94,"minecraft:diamond":66,"minecraft:granite":29,"minecraft:bread":60,"minecraft:emerald":10,"minecraft:oak_sapling":60,"minecraft:netherrack":322,"minecraft:diamond_pickaxe":4,"minecraft:crafting_table":5,"minecraft:azure_bluet":5,"minecraft:chicken":21,"minecraft:nether_wart":20,"minecraft:stone_brick_wall":3,"minecraft:gold_block":10,"minecraft:shield":3,"minecraft:cornflower":3,"minecraft:oak_trapdoor":5,"minecraft:stone_stairs":1,"minecraft:white_carpet":1,"minecraft:beef":41,"minecraft:oak_boat":1,"minecraft:poppy":5,"minecraft:light_gray_wool":4,"minecraft:minecart":13,"minecraft:chest":25,"minecraft:birch_sapling":11,"minecraft:egg":13,"minecraft:raw_iron":188,"minecraft:stone":15,"minecraft:fire_charge":2,"minecraft:carrot":645,"minecraft:redstone":253,"minecraft:arrow":110,"minecraft:stone_shovel":1,"minecraft:saddle":21,"minecraft:gold_ingot":31,"minecraft:glow_berries":4,"minecraft:mutton":174,"minecraft:white_wool":42,"minecraft:rail":190,"minecraft:glow_ink_sac":15,"minecraft:leather":8,"minecraft:oak_log":933,"minecraft:gunpowder":39,"minecraft:golden_boots":2,"minecraft:cobblestone_wall":25,"minecraft:cobblestone_stairs":24,"minecraft:wooden_hoe":8,"minecraft:cooked_mutton":12,"minecraft:apple":2,"minecraft:iron_ingot":308,"minecraft:stone_pickaxe":2,"minecraft:soul_sand":10,"minecraft:iron_sword":12,"minecraft:book":9,"minecraft:scaffolding":204,"minecraft:oak_slab":1,"minecraft:stone_brick_slab":5,"minecraft:dandelion":2,"minecraft:dripstone_block":20,"minecraft:gravel":13,"minecraft:white_bed":26,"minecraft:crying_obsidian":3,"minecraft:spider_eye":36,"minecraft:iron_helmet":20,"minecraft:warped_roots":1,"minecraft:baked_potato":1,"minecraft:black_wool":3,"minecraft:coal":168,"minecraft:hopper":3}},"DataVersion":3700}