{"stats":{"minecraft:used":{"minecraft:dispenser":4,"minecraft:oak_sign":4,"minecraft:chest":24,"minecraft:iron_sword":461,"minecraft:zombie_spawn_egg":3,"minecraft:rotten_flesh":23,"minecraft:mutton":25,"minecraft:carrot":258,"minecraft:tuff":9,"minecraft:glass":36,"minecraft:lava_bucket":1,"minecraft:grass_block":6,"minecraft:iron_helmet":2,"minecraft:golden_sword":34,"minecraft:furnace":1,"minecraft:gold_block":3,"minecraft:egg":71,"minecraft:potato":265,"minecraft:golden_boots":2,"minecraft:powered_rail":32,"minecraft:stone_pickaxe":87,"minecraft:oak_planks":40,"minecraft:glow_berries":15,"minecraft:dripstone_block":6,"minecraft:deepslate_brick_stairs":50,"minecraft:redstone_torch":13,"minecraft:bread":24,"minecraft:andesite":8,"minecraft:bone_meal":9,"minecraft:oak_trapdoor":7,"minecraft:netherite_sword":13,"minecraft:redstone":2,"minecraft:stone_shovel":219,"minecraft:stone_hoe":309,"minecraft:torch":29,"minecraft:dirt":803,"minecraft:anvil":1,"minecraft:white_carpet":2,"minecraft:hopper":8,"minecraft:cobblestone_wall":6,"minecraft:stone_stairs":1,"minecraft:iron_hoe":17,"minecraft:iron_axe":253,"minecraft:oak_stairs":1,"minecraft:chicken_spawn_egg":21,"minecraft:beef":2,"minecraft:minecart":13,"minecraft:observer":9,"minecraft:cobbled_deepslate":35,"minecraft:enchanted_golden_apple":1,"minecraft:wheat_seeds":643,"minecraft:cooked_mutton":2,"minecraft:water_bucket":45,"minecraft:baked_potato":27,"minecraft:cauldron":3,"minecraft:cobblestone_slab":34,"minecraft:deepslate_bricks":86,"minecraft:mossy_cobblestone":21,"minecraft:rail":323,"minecraft:comparator":3,"minecraft:crafting_table":10,"minecraft:white_bed":16,"minecraft:oak_log":5,"minecraft:wooden_hoe":15,"minecraft:diamond_pickaxe":670,"minecraft:cornflower":1,"minecraft:iron_pickaxe":1951,"minecraft:stone_slab":3,"minecraft:stone_axe":76,"minecraft:cobblestone":735,"minecraft:porkchop":2,"minecraft:bucket":45,"minecraft:smooth_stone":235},"minecraft:mined":{"minecraft:white_bed":13,"minecraft:farmland":3,"minecraft:cobblestone_stairs":3,"minecraft:brewing_stand":1,"minecraft:granite":23,"minecraft:grass_block":332,"minecraft:hopper":3,"minecraft:nether_wart":20,"minecraft:oak_wall_sign":1,"minecraft:oxeye_daisy":1,"minecraft:tall_seagrass":2,"minecraft:magma_block":2,"minecraft:glowstone":23,"minecraft:iron_ore":76,"minecraft:cobbled_deepslate":1,"minecraft:fire":1,"minecraft:deepslate_lapis_ore":5,"minecraft:azure_bluet":2,"minecraft:nether_brick_stairs":1,"minecraft:pointed_dripstone":1,"minecraft:cave_vines":3,"minecraft:dirt_path":18,"minecraft:oak_stairs":1,"minecraft:deepslate_redstone_ore":8,"minecraft:torch":7,"minecraft:poppy":1,"minecraft:chest":18,"minecraft:glass":2,"minecraft:cobblestone":312,"minecraft:oak_planks":16,"minecraft:wall_torch":14,"minecraft:seagrass":3,"minecraft:stone_stairs":1,"minecraft:powered_rail":11,"minecraft:mud":1,"minecraft:birch_log":43,"minecraft:wheat":450,"minecraft:oak_log":130,"minecraft:sand":111,"minecraft:dirt":435,"minecraft:netherrack":9,"minecraft:oak_leaves":107,"minecraft:deepslate":35,"minecraft:tuff":3,"minecraft:mossy_cobblestone":50,"minecraft:deepslate_diamond_ore":12,"minecraft:oak_door":1,"minecraft:stripped_birch_log":1,"minecraft:oak_trapdoor":4,"minecraft:furnace":1,"minecraft:carrots":141,"minecraft:andesite":25,"minecraft:gold_block":3,"minecraft:potatoes":190,"minecraft:deepslate_iron_ore":13,"minecraft:cobblestone_slab":15,"minecraft:rail":166,"minecraft:stone":1586,"minecraft:white_wool":1,"minecraft:soul_sand":10,"minecraft:stone_brick_slab":1,"minecraft:dandelion":4,"minecraft:oak_fence":2,"minecraft:crafting_table":5,"minecraft:short_grass":778,"minecraft:emerald_ore":2,"minecraft:stone_slab":1,"minecraft:tall_grass":247,"minecraft:copper_ore":7,"minecraft:lapis_ore":3,"minecraft:diorite":39,"minecraft:cobblestone_wall":4,"minecraft:redstone_torch":5,"minecraft:birch_leaves":14,"minecraft:coal_ore":49,"minecraft:gravel":16,"minecraft:dripstone_block":6,"minecraft:cracked_stone_bricks":1,"minecraft:gold_ore":6},"minecraft:picked_up":{"minecraft:iron_chestplate":4,"minecraft:wheat":268,"minecraft:stone_slab":1,"minecraft:oak_stairs":3,"minecraft:potion":5,"minecraft:enchanted_book":5,"minecraft:brewing_stand":9,"minecraft:golden_sword":1,"minecraft:string":92,"minecraft:raw_copper":18,"minecraft:smooth_stone_slab":19,"minecraft:iron_leggings":8,"minecraft:oak_sign":1,"minecraft:gold_nugget":32,"minecraft:cobbled_deepslate":31,"minecraft:comparator":1,"minecraft:bucket":9,"minecraft:redstone_torch":6,"minecraft:cobblestone_slab":23,"minecraft:iron_pickaxe":19,"minecraft:enchanted_golden_apple":5,"minecraft:iron_boots":18,"minecraft:stick":246,"minecraft:oak_fence":4,"minecraft:torch":44,"minecraft:porkchop":14,"minecraft:golden_axe":1,"minecraft:pointed_dripstone":9,"minecraft:diorite":39,"minecraft:cauldron":3,"minecraft:rotten_flesh":412,"minecraft:blaze_rod":2,"minecraft:obsidian":2,"minecraft:cobblestone":3989,"minecraft:birch_log":172,"minecraft:magma_block":2,"minecraft:feather":19,"minecraft:water_bucket":4,"minecraft:andesite":51,"minecraft:potato":640,"minecraft:flint":38,"minecraft:tuff":9,"minecraft:stripped_birch_log":3,"minecraft:lapis_lazuli":402,"minecraft:dirt":1098,"minecraft:name_tag":14,"minecraft:bone":77,"minecraft:glass":28,"minecraft:bow":1,"minecraft:wheat_seeds":1407,"minecraft:raw_gold":5,"minecraft:glowstone_dust":128,"minecraft:powered_rail":21,"minecraft:stone_hoe":1,"minecraft:oak_planks":447,"minecraft:poisonous_potato":12,"minecraft:sand":111,"minecraft:nether_brick_stairs":2,"minecraft:mossy_cobblestone":94,"minecraft:diamond":66,"minecraft:granite":29,"minecraft:bread":60,"minecraft:emerald":9,"minecraft:oak_sapling":60,"minecraft:netherrack":12,"minecraft:diamond_pickaxe":3,"minecraft:crafting_table":5,"minecraft:azure_bluet":5,"minecraft:chicken":21,"minecraft:nether_wart":20,"minecraft:gold_block":10,"minecraft:shield":1,"minecraft:cornflower":3,"minecraft:oak_trapdoor":5,"minecraft:stone_stairs":1,"minecraft:white_carpet":1,"minecraft:beef":41,"minecraft:oak_boat":1,"minecraft:poppy":5,"minecraft:light_gray_wool":4,"minecraft:minecart":9,"minecraft:chest":22,"minecraft:birch_sapling":11,"minecraft:egg":5,"minecraft:raw_iron":188,"minecraft:stone":15,"minecraft:fire_charge":2,"minecraft:carrot":336,"minecraft:redstone":253,"minecraft:arrow":45,"minecraft:stone_shovel":1,"minecraft:saddle":21,"minecraft:gold_ingot":31,"minecraft:glow_berries":4,"minecraft:mutton":174,"minecraft:white_wool":42,"minecraft:rail":184,"minecraft:glow_ink_sac":15,"minecraft:leather":8,"minecraft:oak_log":769,"minecraft:gunpowder":39,"minecraft:golden_boots":1,"minecraft:cobblestone_wall":25,"minecraft:cobblestone_stairs":14,"minecraft:wooden_hoe":8,"minecraft:cooked_mutton":12,"minecraft:apple":2,"minecraft:iron_ingot":284,"minecraft:stone_pickaxe":2,"minecraft:soul_sand":10,"minecraft:iron_sword":10,"minecraft:stone_brick_slab":5,"minecraft:dandelion":2,"minecraft:dripstone_block":20,"minecraft:gravel":13,"minecraft:white_bed":26,"minecraft:crying_obsidian":3,"minecraft:spider_eye":34,"minecraft:iron_helmet":18,"minecraft:baked_potato":1,"minecraft:black_wool":3,"minecraft:coal":168,"minecraft:hopper":3},"minecraft:custom":{"minecraft:animals_bred":99,"minecraft:interact_with_crafting_table":76,"minecraft:leave_game":22,"minecraft:time_since_death":129036,"minecraft:sprint_one_cm":1923548,"minecraft:drop":363,"minecraft:talked_to_villager":32,"minecraft:play_time":678215,"minecraft:deaths":46,"minecraft:jump":11429,"minecraft:walk_on_water_one_cm":98703,"minecraft:interact_with_furnace":56,"minecraft:sleep_in_bed":40,"minecraft:damage_dealt":23478,"minecraft:crouch_one_cm":41513,"minecraft:inspect_dispenser":8,"minecraft:horse_one_cm":400,"minecraft:mob_kills":162,"minecraft:interact_with_anvil":1,"minecraft:inspect_hopper":3,"minecraft:climb_one_cm":35790,"minecraft:walk_one_cm":1438712,"minecraft:sneak_time":16195,"minecraft:walk_under_water_one_cm":17394,"minecraft:boat_one_cm":2069,"minecraft:total_world_time":678609,"minecraft:time_since_rest":47723,"minecraft:damage_taken":14400,"minecraft:minecart_one_cm":6958,"minecraft:swim_one_cm":31585,"minecraft:fly_one_cm":3088731,"minecraft:open_chest":228,"minecraft:fall_one_cm":410502},"minecraft:dropped":{"minecraft:glow_ink_sac":5,"minecraft:baked_potato":1,"minecraft:rail":32,"minecraft:emerald":2,"minecraft:cobblestone_stairs":2,"minecraft:gold_block":1,"minecraft:dirt":29,"minecraft:gold_nugget":8,"minecraft:bone_meal":12,"minecraft:iron_pickaxe":3,"minecraft:white_wool":10,"minecraft:bone":9,"minecraft:pointed_dripstone":2,"minecraft:oak_planks":64,"minecraft:poppy":1,"minecraft:gunpowder":18,"minecraft:glass":86,"minecraft:arrow":2,"minecraft:powered_rail":1,"minecraft:beef":3,"minecraft:iron_ingot":19,"minecraft:wheat_seeds":39,"minecraft:mossy_cobblestone":20,"minecraft:minecart":2,"minecraft:oak_fence":1,"minecraft:iron_helmet":2,"minecraft:cobblestone":611,"minecraft:apple":1,"minecraft:stick":54,"minecraft:torch":5,"minecraft:string":3,"minecraft:stone_brick_slab":4,"minecraft:dandelion":2,"minecraft:oak_trapdoor":1,"minecraft:cobblestone_wall":1,"minecraft:tuff":1,"minecraft:name_tag":2,"minecraft:cobblestone_slab":16,"minecraft:diamond_pickaxe":2,"minecraft:oak_boat":1,"minecraft:spider_eye":4,"minecraft:stone_pickaxe":1},"minecraft:killed_by":{"minecraft:ghast":1,"minecraft:creeper":2,"minecraft:piglin":3,"minecraft:zombie":8,"minecraft:player":1,"minecraft:spider":3,"minecraft:iron_golem":1,"minecraft:hoglin":2,"minecraft:skeleton":9},"minecraft:crafted":{"minecraft:oak_planks":224,"minecraft:cobblestone_slab":24,"minecraft:oak_sign":3,"minecraft:cooked_mutton":5,"minecraft:hopper":3,"minecraft:glass":27,"minecraft:iron_boots":1,"minecraft:chest":9,"minecraft:oak_button":2,"minecraft:stone_hoe":2,"minecraft:golden_boots":1,"minecraft:crafting_table":4,"minecraft:iron_helmet":1,"minecraft:wooden_hoe":1,"minecraft:iron_chestplate":1,"minecraft:stick":52,"minecraft:iron_ingot":121,"minecraft:iron_pickaxe":9,"minecraft:redstone_torch":11,"minecraft:stone_shovel":1,"minecraft:furnace":1,"minecraft:bone_meal":21,"minecraft:oak_trapdoor":4,"minecraft:iron_axe":1,"minecraft:stone_pickaxe":3,"minecraft:cobblestone_wall":6,"minecraft:minecart":1,"minecraft:iron_sword":1,"minecraft:bucket":1,"minecraft:stone_axe":1,"minecraft:bread":37,"minecraft:air":0,"minecraft:iron_leggings":1,"minecraft:white_bed":1,"minecraft:torch":16},"minecraft:broken":{"minecraft:golden_sword":1,"minecraft:stone_axe":1,"minecraft:iron_sword":1,"minecraft:stone_shovel":2,"minecraft:stone_hoe":1,"minecraft:iron_axe":1,"minecraft:iron_pickaxe":7},"minecraft:killed":{"minecraft:spider":28,"minecraft:skeleton":10,"minecraft:bee":1,"minecraft:chicken":29,"minecraft:pig":4,"minecraft:iron_golem":1,"minecraft:creeper":6,"minecraft:sheep":18,"minecraft:zombie":50,"minecraft:cow":5,"minecraft:blaze":1,"minecraft:horse":1,"minecraft:bat":1,"minecraft:villager":1}},"DataVersion":3700}