{"stats":{"minecraft:killed":{"minecraft:witch":2,"minecraft:spider":31,"minecraft:skeleton":12,"minecraft:bee":1,"minecraft:chicken":34,"minecraft:silverfish":2,"minecraft:pig":11,"minecraft:iron_golem":1,"minecraft:creeper":15,"minecraft:sheep":21,"minecraft:zombie":72,"minecraft:cow":5,"minecraft:blaze":1,"minecraft:horse":1,"minecraft:bat":1,"minecraft:villager":2,"minecraft:enderman":3},"minecraft:mined":{"minecraft:white_bed":15,"minecraft:farmland":3,"minecraft:cobblestone_stairs":7,"minecraft:brewing_stand":1,"minecraft:granite":23,"minecraft:grass_block":382,"minecraft:hopper":3,"minecraft:nether_wart":20,"minecraft:oak_wall_sign":1,"minecraft:oxeye_daisy":1,"minecraft:spawner":1,"minecraft:tall_seagrass":2,"minecraft:magma_block":2,"minecraft:glowstone":23,"minecraft:iron_ore":76,"minecraft:cobbled_deepslate":1,"minecraft:fire":3,"minecraft:deepslate_lapis_ore":5,"minecraft:nether_brick_stairs":1,"minecraft:azure_bluet":2,"minecraft:pointed_dripstone":1,"minecraft:cave_vines":3,"minecraft:dirt_path":18,"minecraft:oak_stairs":1,"minecraft:deepslate_redstone_ore":8,"minecraft:twisting_vines_plant":1,"minecraft:torch":9,"minecraft:poppy":1,"minecraft:chest":21,"minecraft:glass":6,"minecraft:cobblestone":708,"minecraft:sugar_cane":12,"minecraft:oak_planks":17,"minecraft:iron_door":1,"minecraft:wall_torch":18,"minecraft:seagrass":6,"minecraft:stone_stairs":1,"minecraft:warped_nylium":1,"minecraft:powered_rail":11,"minecraft:mud":1,"minecraft:birch_log":43,"minecraft:wheat":466,"minecraft:warped_fungus":1,"minecraft:oak_log":136,"minecraft:sand":111,"minecraft:dirt":454,"minecraft:netherrack":183,"minecraft:oak_leaves":113,"minecraft:deepslate":50,"minecraft:nether_gold_ore":8,"minecraft:tuff":3,"minecraft:mossy_cobblestone":50,"minecraft:deepslate_diamond_ore":12,"minecraft:oak_door":1,"minecraft:stripped_birch_log":1,"minecraft:end_stone":5,"minecraft:spruce_leaves":21,"minecraft:large_fern":8,"minecraft:oak_trapdoor":4,"minecraft:furnace":1,"minecraft:carrots":228,"minecraft:andesite":48,"minecraft:peony":12,"minecraft:gold_block":3,"minecraft:bookshelf":3,"minecraft:potatoes":244,"minecraft:deepslate_iron_ore":13,"minecraft:cobblestone_slab":15,"minecraft:rail":166,"minecraft:chorus_plant":1,"minecraft:stone":1653,"minecraft:white_wool":1,"minecraft:oak_slab":2,"minecraft:soul_sand":10,"minecraft:stone_brick_slab":1,"minecraft:dandelion":4,"minecraft:oak_fence":2,"minecraft:crafting_table":5,"minecraft:short_grass":975,"minecraft:emerald_ore":2,"minecraft:warped_roots":2,"minecraft:campfire":4,"minecraft:stone_slab":1,"minecraft:tall_grass":282,"minecraft:copper_ore":7,"minecraft:lapis_ore":3,"minecraft:diorite":47,"minecraft:cobblestone_wall":4,"minecraft:redstone_torch":5,"minecraft:sweet_berry_bush":13,"minecraft:birch_leaves":14,"minecraft:coal_ore":49,"minecraft:gravel":16,"minecraft:dripstone_block":6,"minecraft:cobweb":1,"minecraft:cracked_stone_bricks":6,"minecraft:stone_bricks":10,"minecraft:mossy_stone_bricks":4,"minecraft:gold_ore":6,"minecraft:fern":1},"minecraft:killed_by":{"minecraft:ghast":1,"minecraft:creeper":2,"minecraft:piglin":3,"minecraft:silverfish":1,"minecraft:zombie":8,"minecraft:player":1,"minecraft:spider":3,"minecraft:iron_golem":1,"minecraft:ender_dragon":5,"minecraft:hoglin":2,"minecraft:skeleton":10},"minecraft:used":{"minecraft:dispenser":11,"minecraft:ladder":3,"minecraft:oak_sign":6,"minecraft:chest":66,"minecraft:iron_sword":639,"minecraft:stone":22,"minecraft:zombie_spawn_egg":3,"minecraft:rotten_flesh":23,"minecraft:iron_chestplate":3,"minecraft:soul_campfire":19,"minecraft:mutton":25,"minecraft:carrot":268,"minecraft:tuff":9,"minecraft:glass":87,"minecraft:lava_bucket":13,"minecraft:villager_spawn_egg":1,"minecraft:grass_block":140,"minecraft:iron_helmet":3,"minecraft:golden_sword":34,"minecraft:bow":31,"minecraft:scaffolding":83,"minecraft:furnace":1,"minecraft:gold_block":3,"minecraft:egg":71,"minecraft:potato":270,"minecraft:golden_boots":2,"minecraft:oak_planks":165,"minecraft:stone_pickaxe":87,"minecraft:powered_rail":54,"minecraft:ender_pearl":13,"minecraft:glow_berries":15,"minecraft:stone_brick_wall":7,"minecraft:dripstone_block":6,"minecraft:end_stone":2,"minecraft:deepslate_brick_stairs":61,"minecraft:redstone_torch":19,"minecraft:bread":24,"minecraft:string":1,"minecraft:diamond_sword":2,"minecraft:andesite":8,"minecraft:smooth_stone_slab":328,"minecraft:bone_meal":9,"minecraft:oak_trapdoor":8,"minecraft:netherite_sword":17,"minecraft:stone_shovel":219,"minecraft:redstone":2,"minecraft:stone_hoe":309,"minecraft:netherrack":125,"minecraft:torch":156,"minecraft:dirt":860,"minecraft:anvil":1,"minecraft:white_carpet":2,"minecraft:hopper":33,"minecraft:twisting_vines":1,"minecraft:cobblestone_wall":6,"minecraft:stone_stairs":1,"minecraft:iron_hoe":17,"minecraft:iron_axe":253,"minecraft:oak_stairs":1,"minecraft:chicken_spawn_egg":21,"minecraft:iron_boots":1,"minecraft:beef":2,"minecraft:minecart":16,"minecraft:infested_cobblestone":128,"minecraft:enchanted_golden_apple":1,"minecraft:cooked_beef":30,"minecraft:observer":9,"minecraft:cobbled_deepslate":35,"minecraft:iron_leggings":2,"minecraft:wheat_seeds":643,"minecraft:cooked_mutton":2,"minecraft:water_bucket":128,"minecraft:cobblestone_stairs":18,"minecraft:baked_potato":31,"minecraft:blue_wool":2,"minecraft:cauldron":3,"minecraft:cobblestone_slab":82,"minecraft:deepslate_bricks":97,"minecraft:warped_roots":1,"minecraft:mossy_cobblestone":21,"minecraft:rail":427,"minecraft:comparator":3,"minecraft:crafting_table":14,"minecraft:oak_slab":31,"minecraft:white_bed":21,"minecraft:campfire":9,"minecraft:oak_log":20,"minecraft:wooden_hoe":15,"minecraft:ender_eye":88,"minecraft:diamond_pickaxe":729,"minecraft:cornflower":1,"minecraft:iron_pickaxe":2708,"minecraft:oak_button":2,"minecraft:stone_slab":3,"minecraft:stone_axe":76,"minecraft:cobblestone":1730,"minecraft:porkchop":2,"minecraft:bucket":59,"minecraft:yellow_bed":1,"minecraft:smooth_stone":352},"minecraft:crafted":{"minecraft:oak_planks":444,"minecraft:cobblestone_slab":100,"minecraft:oak_sign":3,"minecraft:cooked_mutton":5,"minecraft:glass":27,"minecraft:hopper":10,"minecraft:bow":1,"minecraft:iron_boots":3,"minecraft:chest":24,"minecraft:oak_button":2,"minecraft:stone_hoe":2,"minecraft:golden_boots":1,"minecraft:crafting_table":5,"minecraft:iron_helmet":3,"minecraft:wooden_hoe":1,"minecraft:iron_chestplate":3,"minecraft:shield":1,"minecraft:stick":60,"minecraft:iron_ingot":121,"minecraft:iron_pickaxe":12,"minecraft:redstone_torch":11,"minecraft:stone_shovel":1,"minecraft:furnace":1,"minecraft:bone_meal":21,"minecraft:oak_trapdoor":4,"minecraft:iron_axe":1,"minecraft:stone_pickaxe":3,"minecraft:cobblestone_wall":6,"minecraft:minecart":2,"minecraft:iron_sword":3,"minecraft:bucket":6,"minecraft:stone_axe":1,"minecraft:bread":37,"minecraft:air":0,"minecraft:iron_leggings":3,"minecraft:white_bed":1,"minecraft:torch":16},"minecraft:dropped":{"minecraft:cooked_beef":67,"minecraft:baked_potato":1,"minecraft:glow_ink_sac":5,"minecraft:ender_pearl":3,"minecraft:crafting_table":1,"minecraft:cracked_stone_bricks":7,"minecraft:rail":32,"minecraft:emerald":3,"minecraft:cobblestone_stairs":2,"minecraft:gold_block":1,"minecraft:dirt":30,"minecraft:gold_nugget":8,"minecraft:bone_meal":12,"minecraft:iron_pickaxe":3,"minecraft:white_wool":10,"minecraft:bone":11,"minecraft:cobbled_deepslate":4,"minecraft:pointed_dripstone":2,"minecraft:rotten_flesh":2,"minecraft:oak_planks":139,"minecraft:poppy":1,"minecraft:gunpowder":18,"minecraft:stone_brick_wall":1,"minecraft:beef":4,"minecraft:arrow":130,"minecraft:powered_rail":1,"minecraft:glass":87,"minecraft:netherrack":4,"minecraft:egg":3,"minecraft:water_bucket":1,"minecraft:iron_ingot":19,"minecraft:oak_slab":11,"minecraft:wheat_seeds":39,"minecraft:mossy_cobblestone":20,"minecraft:minecart":2,"minecraft:oak_fence":1,"minecraft:feather":5,"minecraft:iron_helmet":2,"minecraft:cobblestone":1126,"minecraft:apple":1,"minecraft:stick":58,"minecraft:torch":5,"minecraft:string":5,"minecraft:dandelion":2,"minecraft:spruce_sapling":1,"minecraft:stone_brick_slab":4,"minecraft:oak_trapdoor":1,"minecraft:cobblestone_wall":1,"minecraft:smooth_stone_slab":19,"minecraft:tuff":1,"minecraft:name_tag":2,"minecraft:cobblestone_slab":16,"minecraft:diamond_pickaxe":3,"minecraft:andesite":5,"minecraft:oak_boat":1,"minecraft:spider_eye":4,"minecraft:stone_pickaxe":1},"minecraft:broken":{"minecraft:golden_sword":1,"minecraft:stone_axe":1,"minecraft:iron_sword":1,"minecraft:stone_shovel":2,"minecraft:stone_hoe":1,"minecraft:iron_axe":1,"minecraft:iron_pickaxe":9},"minecraft:custom":{"minecraft:animals_bred":125,"minecraft:interact_with_crafting_table":120,"minecraft:leave_game":44,"minecraft:time_since_death":893,"minecraft:sprint_one_cm":2619186,"minecraft:drop":443,"minecraft:talked_to_villager":33,"minecraft:play_time":1058470,"minecraft:deaths":59,"minecraft:jump":16543,"minecraft:walk_on_water_one_cm":161619,"minecraft:interact_with_furnace":58,"minecraft:sleep_in_bed":44,"minecraft:damage_dealt":29917,"minecraft:crouch_one_cm":77531,"minecraft:inspect_dispenser":26,"minecraft:horse_one_cm":400,"minecraft:interact_with_anvil":2,"minecraft:mob_kills":227,"minecraft:inspect_hopper":5,"minecraft:climb_one_cm":107827,"minecraft:walk_one_cm":1916117,"minecraft:sneak_time":31271,"minecraft:walk_under_water_one_cm":42630,"minecraft:boat_one_cm":2069,"minecraft:total_world_time":1058864,"minecraft:time_since_rest":915,"minecraft:damage_taken":20171,"minecraft:minecart_one_cm":41942,"minecraft:swim_one_cm":44835,"minecraft:fly_one_cm":5698330,"minecraft:open_chest":461,"minecraft:fall_one_cm":539870},"minecraft:picked_up":{"minecraft:iron_chestplate":11,"minecraft:wheat":281,"minecraft:stone_slab":1,"minecraft:oak_stairs":3,"minecraft:potion":5,"minecraft:enchanted_book":5,"minecraft:brewing_stand":9,"minecraft:golden_sword":1,"minecraft:string":112,"minecraft:raw_copper":18,"minecraft:smooth_stone_slab":20,"minecraft:iron_leggings":16,"minecraft:oak_sign":2,"minecraft:cobbled_deepslate":35,"minecraft:smooth_stone":1,"minecraft:gold_nugget":137,"minecraft:comparator":1,"minecraft:bucket":25,"minecraft:redstone_torch":6,"minecraft:cobblestone_slab":28,"minecraft:iron_pickaxe":24,"minecraft:enchanted_golden_apple":5,"minecraft:iron_boots":26,"minecraft:stick":271,"minecraft:oak_fence":4,"minecraft:torch":407,"minecraft:porkchop":67,"minecraft:golden_axe":1,"minecraft:pointed_dripstone":9,"minecraft:diorite":39,"minecraft:cauldron":3,"minecraft:rotten_flesh":437,"minecraft:blaze_rod":2,"minecraft:obsidian":2,"minecraft:cobblestone":4854,"minecraft:birch_log":172,"minecraft:magma_block":2,"minecraft:feather":24,"minecraft:cooked_beef":329,"minecraft:water_bucket":7,"minecraft:andesite":56,"minecraft:golden_leggings":2,"minecraft:potato":823,"minecraft:flint":38,"minecraft:tuff":9,"minecraft:lapis_lazuli":402,"minecraft:stripped_birch_log":3,"minecraft:dirt":1174,"minecraft:name_tag":14,"minecraft:twisting_vines":1,"minecraft:glass":44,"minecraft:bone":84,"minecraft:bow":15,"minecraft:wheat_seeds":1523,"minecraft:raw_gold":5,"minecraft:glowstone_dust":128,"minecraft:powered_rail":22,"minecraft:stone_hoe":1,"minecraft:oak_planks":452,"minecraft:poisonous_potato":14,"minecraft:sand":111,"minecraft:nether_brick_stairs":2,"minecraft:mossy_cobblestone":94,"minecraft:diamond":66,"minecraft:granite":29,"minecraft:emerald":10,"minecraft:bread":60,"minecraft:oak_sapling":66,"minecraft:netherrack":322,"minecraft:chorus_fruit":4,"minecraft:diamond_pickaxe":4,"minecraft:crafting_table":5,"minecraft:azure_bluet":5,"minecraft:chicken":46,"minecraft:nether_wart":20,"minecraft:stone_brick_wall":4,"minecraft:gold_block":10,"minecraft:shield":7,"minecraft:cornflower":3,"minecraft:oak_trapdoor":5,"minecraft:stone_stairs":1,"minecraft:white_carpet":1,"minecraft:cracked_stone_bricks":7,"minecraft:beef":41,"minecraft:oak_boat":1,"minecraft:poppy":5,"minecraft:light_gray_wool":4,"minecraft:minecart":13,"minecraft:sugar_cane":105,"minecraft:chest":25,"minecraft:birch_sapling":11,"minecraft:egg":14,"minecraft:raw_iron":188,"minecraft:end_stone":27,"minecraft:stone":15,"minecraft:fire_charge":2,"minecraft:carrot":810,"minecraft:redstone":253,"minecraft:arrow":322,"minecraft:stone_shovel":1,"minecraft:peony":50,"minecraft:saddle":21,"minecraft:gold_ingot":31,"minecraft:glow_berries":4,"minecraft:mutton":240,"minecraft:white_wool":58,"minecraft:rail":190,"minecraft:soul_campfire":4,"minecraft:glow_ink_sac":15,"minecraft:leather":8,"minecraft:oak_log":1010,"minecraft:gunpowder":39,"minecraft:golden_boots":2,"minecraft:cobblestone_wall":25,"minecraft:cobblestone_stairs":24,"minecraft:wooden_hoe":8,"minecraft:cooked_mutton":12,"minecraft:apple":2,"minecraft:iron_ingot":308,"minecraft:stone_pickaxe":2,"minecraft:soul_sand":10,"minecraft:iron_sword":16,"minecraft:book":9,"minecraft:scaffolding":204,"minecraft:oak_slab":11,"minecraft:sweet_berries":198,"minecraft:stone_brick_slab":5,"minecraft:dandelion":2,"minecraft:dripstone_block":20,"minecraft:gravel":13,"minecraft:spruce_sapling":1,"minecraft:white_bed":54,"minecraft:crying_obsidian":3,"minecraft:spider_eye":36,"minecraft:iron_helmet":24,"minecraft:warped_roots":1,"minecraft:baked_potato":1,"minecraft:black_wool":9,"minecraft:coal":168,"minecraft:hopper":3,"minecraft:ender_pearl":55}},"DataVersion":3700}