{"stats":{"minecraft:killed":{"minecraft:spider":28,"minecraft:horse":1,"minecraft:skeleton":9,"minecraft:bee":1,"minecraft:pig":3,"minecraft:iron_golem":1,"minecraft:bat":1,"minecraft:creeper":6,"minecraft:sheep":18,"minecraft:zombie":48,"minecraft:villager":1,"minecraft:blaze":1,"minecraft:cow":5},"minecraft:killed_by":{"minecraft:ghast":1,"minecraft:player":1,"minecraft:creeper":2,"minecraft:spider":3,"minecraft:iron_golem":1,"minecraft:piglin":3,"minecraft:hoglin":2,"minecraft:skeleton":9,"minecraft:zombie":8},"minecraft:custom":{"minecraft:inspect_hopper":1,"minecraft:mob_kills":126,"minecraft:animals_bred":86,"minecraft:interact_with_crafting_table":71,"minecraft:leave_game":14,"minecraft:time_since_death":13241,"minecraft:climb_one_cm":31106,"minecraft:sprint_one_cm":1588456,"minecraft:walk_one_cm":1222166,"minecraft:drop":267,"minecraft:talked_to_villager":31,"minecraft:play_time":562420,"minecraft:sneak_time":10328,"minecraft:deaths":46,"minecraft:walk_under_water_one_cm":15968,"minecraft:boat_one_cm":2069,"minecraft:jump":8850,"minecraft:walk_on_water_one_cm":80219,"minecraft:total_world_time":562612,"minecraft:interact_with_furnace":45,"minecraft:sleep_in_bed":33,"minecraft:time_since_rest":13262,"minecraft:damage_taken":13660,"minecraft:damage_dealt":22234,"minecraft:minecart_one_cm":6958,"minecraft:swim_one_cm":25673,"minecraft:fly_one_cm":2393060,"minecraft:open_chest":130,"minecraft:crouch_one_cm":29969,"minecraft:fall_one_cm":324337,"minecraft:horse_one_cm":400},"minecraft:mined":{"minecraft:tuff":3,"minecraft:white_bed":13,"minecraft:farmland":3,"minecraft:mossy_cobblestone":50,"minecraft:deepslate_diamond_ore":12,"minecraft:oak_door":1,"minecraft:cobblestone_stairs":3,"minecraft:stripped_birch_log":1,"minecraft:brewing_stand":1,"minecraft:granite":23,"minecraft:grass_block":324,"minecraft:hopper":3,"minecraft:oxeye_daisy":1,"minecraft:oak_wall_sign":1,"minecraft:nether_wart":20,"minecraft:magma_block":2,"minecraft:oak_trapdoor":4,"minecraft:glowstone":23,"minecraft:carrots":141,"minecraft:furnace":1,"minecraft:iron_ore":76,"minecraft:fire":1,"minecraft:cobbled_deepslate":1,"minecraft:andesite":24,"minecraft:deepslate_lapis_ore":5,"minecraft:gold_block":3,"minecraft:nether_brick_stairs":1,"minecraft:azure_bluet":1,"minecraft:potatoes":190,"minecraft:dirt_path":18,"minecraft:pointed_dripstone":1,"minecraft:cobblestone_slab":15,"minecraft:cave_vines":3,"minecraft:deepslate_iron_ore":13,"minecraft:rail":49,"minecraft:oak_stairs":1,"minecraft:stone":1586,"minecraft:white_wool":1,"minecraft:deepslate_redstone_ore":8,"minecraft:soul_sand":10,"minecraft:stone_brick_slab":1,"minecraft:dandelion":4,"minecraft:oak_fence":2,"minecraft:crafting_table":5,"minecraft:torch":4,"minecraft:short_grass":573,"minecraft:emerald_ore":2,"minecraft:poppy":1,"minecraft:chest":18,"minecraft:stone_slab":1,"minecraft:copper_ore":7,"minecraft:tall_grass":200,"minecraft:cobblestone":233,"minecraft:lapis_ore":3,"minecraft:oak_planks":14,"minecraft:wall_torch":14,"minecraft:diorite":39,"minecraft:seagrass":3,"minecraft:stone_stairs":1,"minecraft:cobblestone_wall":4,"minecraft:birch_log":43,"minecraft:mud":1,"minecraft:wheat":450,"minecraft:birch_leaves":14,"minecraft:coal_ore":49,"minecraft:oak_log":128,"minecraft:gravel":16,"minecraft:sand":55,"minecraft:dripstone_block":6,"minecraft:dirt":366,"minecraft:cracked_stone_bricks":1,"minecraft:netherrack":9,"minecraft:gold_ore":6,"minecraft:oak_leaves":107,"minecraft:deepslate":35},"minecraft:picked_up":{"minecraft:iron_chestplate":4,"minecraft:crafting_table":5,"minecraft:wheat":261,"minecraft:azure_bluet":5,"minecraft:nether_wart":20,"minecraft:stone_slab":1,"minecraft:oak_stairs":3,"minecraft:enchanted_book":5,"minecraft:gold_block":10,"minecraft:potion":5,"minecraft:brewing_stand":9,"minecraft:shield":1,"minecraft:golden_sword":1,"minecraft:cornflower":3,"minecraft:oak_trapdoor":5,"minecraft:string":92,"minecraft:stone_stairs":1,"minecraft:raw_copper":18,"minecraft:iron_leggings":8,"minecraft:oak_sign":1,"minecraft:gold_nugget":32,"minecraft:cobbled_deepslate":31,"minecraft:bucket":8,"minecraft:beef":41,"minecraft:oak_boat":1,"minecraft:redstone_torch":2,"minecraft:cobblestone_slab":23,"minecraft:iron_pickaxe":19,"minecraft:poppy":5,"minecraft:light_gray_wool":4,"minecraft:minecart":8,"minecraft:enchanted_golden_apple":5,"minecraft:chest":22,"minecraft:birch_sapling":11,"minecraft:egg":4,"minecraft:iron_boots":18,"minecraft:raw_iron":188,"minecraft:stick":246,"minecraft:oak_fence":4,"minecraft:torch":41,"minecraft:fire_charge":2,"minecraft:porkchop":13,"minecraft:golden_axe":1,"minecraft:pointed_dripstone":9,"minecraft:diorite":39,"minecraft:carrot":336,"minecraft:redstone":252,"minecraft:cauldron":3,"minecraft:arrow":40,"minecraft:stone_shovel":1,"minecraft:rotten_flesh":410,"minecraft:saddle":21,"minecraft:gold_ingot":31,"minecraft:mutton":174,"minecraft:obsidian":2,"minecraft:blaze_rod":2,"minecraft:glow_berries":4,"minecraft:rail":59,"minecraft:white_wool":42,"minecraft:cobblestone":3922,"minecraft:birch_log":172,"minecraft:magma_block":2,"minecraft:glow_ink_sac":15,"minecraft:water_bucket":2,"minecraft:andesite":50,"minecraft:leather":8,"minecraft:potato":640,"minecraft:flint":38,"minecraft:tuff":9,"minecraft:oak_log":767,"minecraft:golden_boots":1,"minecraft:cobblestone_wall":25,"minecraft:gunpowder":39,"minecraft:cobblestone_stairs":14,"minecraft:wooden_hoe":8,"minecraft:lapis_lazuli":402,"minecraft:stripped_birch_log":3,"minecraft:dirt":1029,"minecraft:name_tag":13,"minecraft:cooked_mutton":12,"minecraft:bone":75,"minecraft:apple":2,"minecraft:bow":1,"minecraft:wheat_seeds":1384,"minecraft:raw_gold":5,"minecraft:iron_ingot":284,"minecraft:stone_pickaxe":2,"minecraft:glowstone_dust":128,"minecraft:oak_planks":445,"minecraft:iron_sword":10,"minecraft:stone_hoe":1,"minecraft:soul_sand":10,"minecraft:stone_brick_slab":5,"minecraft:dandelion":2,"minecraft:poisonous_potato":12,"minecraft:dripstone_block":20,"minecraft:gravel":13,"minecraft:sand":55,"minecraft:nether_brick_stairs":2,"minecraft:white_bed":26,"minecraft:crying_obsidian":3,"minecraft:spider_eye":34,"minecraft:mossy_cobblestone":94,"minecraft:diamond":66,"minecraft:iron_helmet":18,"minecraft:granite":29,"minecraft:emerald":9,"minecraft:bread":60,"minecraft:oak_sapling":60,"minecraft:netherrack":12,"minecraft:black_wool":3,"minecraft:coal":168,"minecraft:hopper":3,"minecraft:diamond_pickaxe":3},"minecraft:crafted":{"minecraft:oak_planks":216,"minecraft:cobblestone_slab":24,"minecraft:stone_shovel":1,"minecraft:oak_sign":3,"minecraft:furnace":1,"minecraft:bone_meal":21,"minecraft:cooked_mutton":5,"minecraft:oak_trapdoor":4,"minecraft:hopper":3,"minecraft:iron_boots":1,"minecraft:iron_axe":1,"minecraft:stone_pickaxe":3,"minecraft:cobblestone_wall":6,"minecraft:chest":9,"minecraft:oak_button":2,"minecraft:stone_hoe":2,"minecraft:golden_boots":1,"minecraft:minecart":1,"minecraft:crafting_table":4,"minecraft:iron_helmet":1,"minecraft:iron_sword":1,"minecraft:bucket":1,"minecraft:stone_axe":1,"minecraft:air":0,"minecraft:bread":37,"minecraft:iron_chestplate":1,"minecraft:wooden_hoe":1,"minecraft:stick":32,"minecraft:iron_ingot":121,"minecraft:iron_pickaxe":8,"minecraft:iron_leggings":1,"minecraft:white_bed":1,"minecraft:torch":16},"minecraft:broken":{"minecraft:stone_hoe":1,"minecraft:golden_sword":1,"minecraft:iron_axe":1,"minecraft:stone_axe":1,"minecraft:iron_sword":1,"minecraft:iron_pickaxe":7,"minecraft:stone_shovel":2},"minecraft:dropped":{"minecraft:iron_ingot":19,"minecraft:wheat_seeds":39,"minecraft:glow_ink_sac":5,"minecraft:mossy_cobblestone":20,"minecraft:minecart":2,"minecraft:oak_fence":1,"minecraft:iron_helmet":2,"minecraft:cobblestone":611,"minecraft:apple":1,"minecraft:rail":1,"minecraft:cobblestone_stairs":2,"minecraft:stick":54,"minecraft:emerald":2,"minecraft:gold_block":1,"minecraft:dirt":28,"minecraft:torch":5,"minecraft:gold_nugget":8,"minecraft:bone_meal":12,"minecraft:iron_pickaxe":3,"minecraft:string":3,"minecraft:white_wool":10,"minecraft:dandelion":2,"minecraft:stone_brick_slab":4,"minecraft:bone":9,"minecraft:oak_trapdoor":1,"minecraft:cobblestone_wall":1,"minecraft:tuff":1,"minecraft:pointed_dripstone":2,"minecraft:oak_planks":60,"minecraft:name_tag":1,"minecraft:poppy":1,"minecraft:cobblestone_slab":16,"minecraft:gunpowder":18,"minecraft:diamond_pickaxe":2,"minecraft:oak_boat":1,"minecraft:spider_eye":4,"minecraft:arrow":2,"minecraft:beef":3,"minecraft:stone_pickaxe":1},"minecraft:used":{"minecraft:oak_trapdoor":7,"minecraft:stone_shovel":219,"minecraft:oak_sign":4,"minecraft:chest":23,"minecraft:iron_sword":461,"minecraft:rotten_flesh":23,"minecraft:stone_hoe":309,"minecraft:torch":29,"minecraft:dirt":759,"minecraft:mutton":25,"minecraft:hopper":6,"minecraft:stone_stairs":1,"minecraft:cobblestone_wall":6,"minecraft:carrot":258,"minecraft:tuff":9,"minecraft:iron_axe":253,"minecraft:oak_stairs":1,"minecraft:iron_helmet":2,"minecraft:golden_sword":34,"minecraft:beef":2,"minecraft:furnace":1,"minecraft:gold_block":3,"minecraft:egg":2,"minecraft:minecart":7,"minecraft:enchanted_golden_apple":1,"minecraft:potato":265,"minecraft:cobbled_deepslate":35,"minecraft:golden_boots":2,"minecraft:cooked_mutton":2,"minecraft:wheat_seeds":484,"minecraft:water_bucket":45,"minecraft:oak_planks":40,"minecraft:stone_pickaxe":87,"minecraft:cauldron":3,"minecraft:cobblestone_slab":27,"minecraft:glow_berries":15,"minecraft:mossy_cobblestone":21,"minecraft:rail":41,"minecraft:crafting_table":9,"minecraft:white_bed":16,"minecraft:dripstone_block":6,"minecraft:oak_log":5,"minecraft:wooden_hoe":15,"minecraft:diamond_pickaxe":670,"minecraft:cornflower":1,"minecraft:bread":24,"minecraft:iron_pickaxe":1732,"minecraft:stone_axe":76,"minecraft:cobblestone":486,"minecraft:porkchop":2,"minecraft:andesite":8,"minecraft:bucket":45,"minecraft:bone_meal":9}},"DataVersion":3700}