{"stats":{"minecraft:used":{"minecraft:dispenser":11,"minecraft:ladder":3,"minecraft:oak_sign":6,"minecraft:chest":66,"minecraft:iron_sword":461,"minecraft:stone":22,"minecraft:zombie_spawn_egg":3,"minecraft:rotten_flesh":23,"minecraft:mutton":25,"minecraft:carrot":268,"minecraft:tuff":9,"minecraft:glass":84,"minecraft:lava_bucket":13,"minecraft:villager_spawn_egg":1,"minecraft:grass_block":132,"minecraft:iron_helmet":2,"minecraft:golden_sword":34,"minecraft:furnace":1,"minecraft:gold_block":3,"minecraft:egg":71,"minecraft:potato":265,"minecraft:golden_boots":2,"minecraft:stone_pickaxe":87,"minecraft:powered_rail":54,"minecraft:oak_planks":164,"minecraft:glow_berries":15,"minecraft:dripstone_block":6,"minecraft:deepslate_brick_stairs":61,"minecraft:redstone_torch":19,"minecraft:bread":24,"minecraft:andesite":8,"minecraft:smooth_stone_slab":88,"minecraft:bone_meal":9,"minecraft:oak_trapdoor":8,"minecraft:netherite_sword":17,"minecraft:stone_shovel":219,"minecraft:redstone":2,"minecraft:stone_hoe":309,"minecraft:netherrack":20,"minecraft:torch":38,"minecraft:dirt":859,"minecraft:anvil":1,"minecraft:white_carpet":2,"minecraft:hopper":33,"minecraft:cobblestone_wall":6,"minecraft:stone_stairs":1,"minecraft:iron_hoe":17,"minecraft:iron_axe":253,"minecraft:oak_stairs":1,"minecraft:chicken_spawn_egg":21,"minecraft:beef":2,"minecraft:minecart":16,"minecraft:enchanted_golden_apple":1,"minecraft:cooked_beef":6,"minecraft:cobbled_deepslate":35,"minecraft:observer":9,"minecraft:wheat_seeds":643,"minecraft:cooked_mutton":2,"minecraft:water_bucket":59,"minecraft:cobblestone_stairs":9,"minecraft:baked_potato":31,"minecraft:blue_wool":2,"minecraft:cauldron":3,"minecraft:cobblestone_slab":53,"minecraft:deepslate_bricks":97,"minecraft:mossy_cobblestone":21,"minecraft:rail":427,"minecraft:comparator":3,"minecraft:crafting_table":14,"minecraft:white_bed":16,"minecraft:campfire":9,"minecraft:oak_log":20,"minecraft:wooden_hoe":15,"minecraft:diamond_pickaxe":729,"minecraft:cornflower":1,"minecraft:oak_button":2,"minecraft:iron_pickaxe":2235,"minecraft:stone_slab":3,"minecraft:stone_axe":76,"minecraft:cobblestone":1458,"minecraft:porkchop":2,"minecraft:bucket":54,"minecraft:yellow_bed":1,"minecraft:smooth_stone":317},"minecraft:mined":{"minecraft:white_bed":13,"minecraft:farmland":3,"minecraft:cobblestone_stairs":3,"minecraft:brewing_stand":1,"minecraft:granite":23,"minecraft:grass_block":372,"minecraft:hopper":3,"minecraft:nether_wart":20,"minecraft:oak_wall_sign":1,"minecraft:oxeye_daisy":1,"minecraft:tall_seagrass":2,"minecraft:magma_block":2,"minecraft:glowstone":23,"minecraft:iron_ore":76,"minecraft:cobbled_deepslate":1,"minecraft:fire":1,"minecraft:deepslate_lapis_ore":5,"minecraft:azure_bluet":2,"minecraft:nether_brick_stairs":1,"minecraft:pointed_dripstone":1,"minecraft:cave_vines":3,"minecraft:dirt_path":18,"minecraft:oak_stairs":1,"minecraft:deepslate_redstone_ore":8,"minecraft:torch":7,"minecraft:poppy":1,"minecraft:chest":21,"minecraft:glass":6,"minecraft:cobblestone":611,"minecraft:oak_planks":16,"minecraft:wall_torch":14,"minecraft:seagrass":3,"minecraft:stone_stairs":1,"minecraft:powered_rail":11,"minecraft:mud":1,"minecraft:birch_log":43,"minecraft:wheat":466,"minecraft:oak_log":134,"minecraft:sand":111,"minecraft:dirt":443,"minecraft:netherrack":11,"minecraft:oak_leaves":107,"minecraft:deepslate":35,"minecraft:tuff":3,"minecraft:mossy_cobblestone":50,"minecraft:deepslate_diamond_ore":12,"minecraft:oak_door":1,"minecraft:stripped_birch_log":1,"minecraft:oak_trapdoor":4,"minecraft:furnace":1,"minecraft:carrots":228,"minecraft:andesite":25,"minecraft:gold_block":3,"minecraft:potatoes":244,"minecraft:deepslate_iron_ore":13,"minecraft:cobblestone_slab":15,"minecraft:rail":166,"minecraft:stone":1591,"minecraft:white_wool":1,"minecraft:soul_sand":10,"minecraft:stone_brick_slab":1,"minecraft:dandelion":4,"minecraft:oak_fence":2,"minecraft:crafting_table":5,"minecraft:short_grass":907,"minecraft:emerald_ore":2,"minecraft:stone_slab":1,"minecraft:tall_grass":260,"minecraft:copper_ore":7,"minecraft:lapis_ore":3,"minecraft:diorite":39,"minecraft:cobblestone_wall":4,"minecraft:redstone_torch":5,"minecraft:birch_leaves":14,"minecraft:coal_ore":49,"minecraft:gravel":16,"minecraft:dripstone_block":6,"minecraft:cracked_stone_bricks":1,"minecraft:gold_ore":6},"minecraft:picked_up":{"minecraft:iron_chestplate":4,"minecraft:wheat":281,"minecraft:stone_slab":1,"minecraft:oak_stairs":3,"minecraft:potion":5,"minecraft:enchanted_book":5,"minecraft:brewing_stand":9,"minecraft:golden_sword":1,"minecraft:string":93,"minecraft:raw_copper":18,"minecraft:smooth_stone_slab":19,"minecraft:iron_leggings":8,"minecraft:oak_sign":2,"minecraft:gold_nugget":32,"minecraft:cobbled_deepslate":31,"minecraft:comparator":1,"minecraft:bucket":9,"minecraft:redstone_torch":6,"minecraft:cobblestone_slab":23,"minecraft:iron_pickaxe":19,"minecraft:enchanted_golden_apple":5,"minecraft:iron_boots":18,"minecraft:stick":246,"minecraft:oak_fence":4,"minecraft:torch":46,"minecraft:porkchop":14,"minecraft:golden_axe":1,"minecraft:pointed_dripstone":9,"minecraft:diorite":39,"minecraft:cauldron":3,"minecraft:rotten_flesh":414,"minecraft:blaze_rod":2,"minecraft:obsidian":2,"minecraft:cobblestone":4157,"minecraft:birch_log":172,"minecraft:magma_block":2,"minecraft:feather":19,"minecraft:water_bucket":4,"minecraft:andesite":51,"minecraft:potato":823,"minecraft:flint":38,"minecraft:tuff":9,"minecraft:stripped_birch_log":3,"minecraft:lapis_lazuli":402,"minecraft:dirt":1156,"minecraft:name_tag":14,"minecraft:bone":79,"minecraft:glass":28,"minecraft:bow":1,"minecraft:wheat_seeds":1452,"minecraft:raw_gold":5,"minecraft:glowstone_dust":128,"minecraft:powered_rail":22,"minecraft:stone_hoe":1,"minecraft:oak_planks":447,"minecraft:poisonous_potato":14,"minecraft:sand":111,"minecraft:nether_brick_stairs":2,"minecraft:mossy_cobblestone":94,"minecraft:diamond":66,"minecraft:granite":29,"minecraft:bread":60,"minecraft:emerald":10,"minecraft:oak_sapling":60,"minecraft:netherrack":36,"minecraft:diamond_pickaxe":4,"minecraft:crafting_table":5,"minecraft:azure_bluet":5,"minecraft:chicken":21,"minecraft:nether_wart":20,"minecraft:gold_block":10,"minecraft:shield":1,"minecraft:cornflower":3,"minecraft:oak_trapdoor":5,"minecraft:stone_stairs":1,"minecraft:white_carpet":1,"minecraft:beef":41,"minecraft:oak_boat":1,"minecraft:poppy":5,"minecraft:light_gray_wool":4,"minecraft:minecart":13,"minecraft:chest":25,"minecraft:birch_sapling":11,"minecraft:egg":13,"minecraft:raw_iron":188,"minecraft:stone":15,"minecraft:fire_charge":2,"minecraft:carrot":645,"minecraft:redstone":253,"minecraft:arrow":46,"minecraft:stone_shovel":1,"minecraft:saddle":21,"minecraft:gold_ingot":31,"minecraft:glow_berries":4,"minecraft:mutton":174,"minecraft:white_wool":42,"minecraft:rail":190,"minecraft:glow_ink_sac":15,"minecraft:leather":8,"minecraft:oak_log":773,"minecraft:gunpowder":39,"minecraft:golden_boots":1,"minecraft:cobblestone_wall":25,"minecraft:cobblestone_stairs":14,"minecraft:wooden_hoe":8,"minecraft:cooked_mutton":12,"minecraft:apple":2,"minecraft:iron_ingot":284,"minecraft:stone_pickaxe":2,"minecraft:soul_sand":10,"minecraft:iron_sword":10,"minecraft:stone_brick_slab":5,"minecraft:dandelion":2,"minecraft:dripstone_block":20,"minecraft:gravel":13,"minecraft:white_bed":26,"minecraft:crying_obsidian":3,"minecraft:spider_eye":35,"minecraft:iron_helmet":18,"minecraft:baked_potato":1,"minecraft:black_wool":3,"minecraft:coal":168,"minecraft:hopper":3},"minecraft:custom":{"minecraft:animals_bred":125,"minecraft:interact_with_crafting_table":102,"minecraft:leave_game":29,"minecraft:time_since_death":289927,"minecraft:sprint_one_cm":2158264,"minecraft:drop":403,"minecraft:talked_to_villager":33,"minecraft:play_time":839106,"minecraft:deaths":46,"minecraft:jump":13222,"minecraft:walk_on_water_one_cm":113024,"minecraft:interact_with_furnace":56,"minecraft:sleep_in_bed":43,"minecraft:damage_dealt":24114,"minecraft:crouch_one_cm":47298,"minecraft:inspect_dispenser":22,"minecraft:horse_one_cm":400,"minecraft:mob_kills":165,"minecraft:interact_with_anvil":1,"minecraft:inspect_hopper":4,"minecraft:climb_one_cm":44021,"minecraft:walk_one_cm":1689456,"minecraft:sneak_time":18949,"minecraft:walk_under_water_one_cm":28778,"minecraft:boat_one_cm":2069,"minecraft:total_world_time":839500,"minecraft:time_since_rest":43275,"minecraft:damage_taken":14772,"minecraft:minecart_one_cm":41942,"minecraft:swim_one_cm":31585,"minecraft:fly_one_cm":3742400,"minecraft:open_chest":316,"minecraft:fall_one_cm":449172},"minecraft:dropped":{"minecraft:glow_ink_sac":5,"minecraft:baked_potato":1,"minecraft:crafting_table":1,"minecraft:rail":32,"minecraft:emerald":3,"minecraft:cobblestone_stairs":2,"minecraft:gold_block":1,"minecraft:dirt":30,"minecraft:gold_nugget":8,"minecraft:bone_meal":12,"minecraft:iron_pickaxe":3,"minecraft:white_wool":10,"minecraft:bone":11,"minecraft:pointed_dripstone":2,"minecraft:oak_planks":64,"minecraft:poppy":1,"minecraft:gunpowder":18,"minecraft:glass":87,"minecraft:arrow":2,"minecraft:powered_rail":1,"minecraft:beef":3,"minecraft:netherrack":4,"minecraft:egg":2,"minecraft:iron_ingot":19,"minecraft:wheat_seeds":39,"minecraft:mossy_cobblestone":20,"minecraft:minecart":2,"minecraft:oak_fence":1,"minecraft:iron_helmet":2,"minecraft:cobblestone":1047,"minecraft:apple":1,"minecraft:stick":54,"minecraft:torch":5,"minecraft:string":3,"minecraft:stone_brick_slab":4,"minecraft:dandelion":2,"minecraft:oak_trapdoor":1,"minecraft:cobblestone_wall":1,"minecraft:smooth_stone_slab":19,"minecraft:tuff":1,"minecraft:name_tag":2,"minecraft:cobblestone_slab":16,"minecraft:diamond_pickaxe":3,"minecraft:oak_boat":1,"minecraft:spider_eye":4,"minecraft:stone_pickaxe":1},"minecraft:killed_by":{"minecraft:ghast":1,"minecraft:creeper":2,"minecraft:piglin":3,"minecraft:zombie":8,"minecraft:player":1,"minecraft:spider":3,"minecraft:iron_golem":1,"minecraft:hoglin":2,"minecraft:skeleton":9},"minecraft:crafted":{"minecraft:oak_planks":372,"minecraft:cobblestone_slab":88,"minecraft:oak_sign":3,"minecraft:cooked_mutton":5,"minecraft:glass":27,"minecraft:hopper":10,"minecraft:iron_boots":2,"minecraft:chest":24,"minecraft:oak_button":2,"minecraft:stone_hoe":2,"minecraft:golden_boots":1,"minecraft:crafting_table":5,"minecraft:iron_helmet":2,"minecraft:wooden_hoe":1,"minecraft:iron_chestplate":2,"minecraft:stick":52,"minecraft:iron_ingot":121,"minecraft:iron_pickaxe":11,"minecraft:redstone_torch":11,"minecraft:stone_shovel":1,"minecraft:furnace":1,"minecraft:bone_meal":21,"minecraft:oak_trapdoor":4,"minecraft:iron_axe":1,"minecraft:stone_pickaxe":3,"minecraft:cobblestone_wall":6,"minecraft:minecart":2,"minecraft:iron_sword":1,"minecraft:bucket":6,"minecraft:stone_axe":1,"minecraft:bread":37,"minecraft:air":0,"minecraft:iron_leggings":2,"minecraft:white_bed":1,"minecraft:torch":16},"minecraft:broken":{"minecraft:golden_sword":1,"minecraft:stone_axe":1,"minecraft:iron_sword":1,"minecraft:stone_shovel":2,"minecraft:stone_hoe":1,"minecraft:iron_axe":1,"minecraft:iron_pickaxe":8},"minecraft:killed":{"minecraft:spider":30,"minecraft:skeleton":10,"minecraft:bee":1,"minecraft:chicken":29,"minecraft:pig":4,"minecraft:iron_golem":1,"minecraft:creeper":6,"minecraft:sheep":18,"minecraft:zombie":50,"minecraft:cow":5,"minecraft:blaze":1,"minecraft:horse":1,"minecraft:bat":1,"minecraft:villager":2}},"DataVersion":3700}