{"stats":{"minecraft:used":{"minecraft:oak_fence":2,"minecraft:iron_shovel":1246,"minecraft:stone_shovel":36,"minecraft:dispenser":3,"minecraft:ladder":12,"minecraft:oak_sign":14,"minecraft:chest":17,"minecraft:stone":2,"minecraft:iron_sword":92,"minecraft:netherrack":31,"minecraft:torch":57,"minecraft:dirt":1148,"minecraft:hopper":11,"minecraft:carrot":97,"minecraft:stone_stairs":3,"minecraft:glass":120,"minecraft:iron_hoe":258,"minecraft:lava_bucket":7,"minecraft:iron_axe":432,"minecraft:oak_sapling":16,"minecraft:furnace":3,"minecraft:minecart":7,"minecraft:egg":2,"minecraft:potato":151,"minecraft:wheat_seeds":138,"minecraft:cooked_mutton":5,"minecraft:water_bucket":63,"minecraft:cobblestone_stairs":2,"minecraft:stone_pickaxe":445,"minecraft:powered_rail":67,"minecraft:glass_bottle":3,"minecraft:baked_potato":25,"minecraft:oak_planks":90,"minecraft:cauldron":2,"minecraft:wooden_pickaxe":522,"minecraft:composter":2,"minecraft:redstone_block":11,"minecraft:cobblestone_slab":117,"minecraft:white_wool":2,"minecraft:rail":1273,"minecraft:crafting_table":10,"minecraft:blast_furnace":3,"minecraft:white_bed":25,"minecraft:redstone_torch":11,"minecraft:oak_log":8,"minecraft:mud":1,"minecraft:iron_pickaxe":1102,"minecraft:bread":48,"minecraft:oak_button":3,"minecraft:stone_slab":63,"minecraft:cobblestone":101,"minecraft:potion":2,"minecraft:oak_hanging_sign":2,"minecraft:oak_boat":11,"minecraft:bucket":72,"minecraft:smooth_stone_slab":6,"minecraft:yellow_bed":1,"minecraft:air":1,"minecraft:bone_meal":17,"minecraft:smooth_stone":67},"minecraft:mined":{"minecraft:white_bed":27,"minecraft:farmland":5,"minecraft:mossy_cobblestone":1,"minecraft:cobblestone_stairs":2,"minecraft:ladder":1,"minecraft:grass_block":761,"minecraft:composter":2,"minecraft:hopper":1,"minecraft:oak_wall_sign":2,"minecraft:oxeye_daisy":2,"minecraft:hay_block":31,"minecraft:smooth_stone":2,"minecraft:tall_seagrass":1,"minecraft:carrots":21,"minecraft:furnace":2,"minecraft:fletching_table":1,"minecraft:azure_bluet":5,"minecraft:potatoes":79,"minecraft:dirt_path":5,"minecraft:water_cauldron":1,"minecraft:cobblestone_slab":3,"minecraft:oak_wall_hanging_sign":1,"minecraft:rail":1306,"minecraft:stripped_oak_log":6,"minecraft:stone":106,"minecraft:white_wool":1,"minecraft:redstone_wall_torch":3,"minecraft:redstone_block":9,"minecraft:dandelion":23,"minecraft:oak_fence":1,"minecraft:cornflower":4,"minecraft:crafting_table":3,"minecraft:torch":2,"minecraft:short_grass":150,"minecraft:blast_furnace":3,"minecraft:poppy":2,"minecraft:chest":6,"minecraft:stone_slab":1,"minecraft:glass":17,"minecraft:tall_grass":18,"minecraft:cobblestone":407,"minecraft:oak_planks":33,"minecraft:wall_torch":5,"minecraft:seagrass":1,"minecraft:powered_rail":59,"minecraft:mud":1,"minecraft:redstone_torch":9,"minecraft:wheat":225,"minecraft:stripped_oak_wood":3,"minecraft:bee_nest":1,"minecraft:yellow_bed":1,"minecraft:smooth_stone_slab":1,"minecraft:coal_ore":11,"minecraft:oak_log":153,"minecraft:sand":37,"minecraft:dirt":698,"minecraft:stonecutter":1,"minecraft:dispenser":2,"minecraft:netherrack":55,"minecraft:oak_leaves":75},"minecraft:picked_up":{"minecraft:iron_chestplate":7,"minecraft:mud":1,"minecraft:crafting_table":5,"minecraft:wheat":374,"minecraft:azure_bluet":8,"minecraft:redstone_block":9,"minecraft:chicken":7,"minecraft:ladder":5,"minecraft:stone_slab":11,"minecraft:wooden_pickaxe":3,"minecraft:potion":5,"minecraft:brewing_stand":1,"minecraft:cornflower":11,"minecraft:string":7,"minecraft:stone_stairs":2,"minecraft:iron_axe":8,"minecraft:oak_hanging_sign":12,"minecraft:smooth_stone_slab":39,"minecraft:iron_leggings":8,"minecraft:iron_shovel":6,"minecraft:oak_sign":4,"minecraft:smooth_stone":4,"minecraft:bucket":2,"minecraft:oak_boat":13,"minecraft:redstone_torch":15,"minecraft:cobblestone_slab":17,"minecraft:iron_pickaxe":6,"minecraft:iron_nugget":10,"minecraft:poppy":7,"minecraft:minecart":11,"minecraft:chest":9,"minecraft:furnace":2,"minecraft:iron_boots":5,"minecraft:egg":4,"minecraft:stick":55,"minecraft:raw_iron":29,"minecraft:stone":26,"minecraft:composter":2,"minecraft:oak_fence":5,"minecraft:torch":57,"minecraft:porkchop":8,"minecraft:carrot":92,"minecraft:redstone":122,"minecraft:cauldron":1,"minecraft:arrow":31,"minecraft:stone_shovel":1,"minecraft:rotten_flesh":79,"minecraft:beetroot_seeds":4,"minecraft:hay_block":104,"minecraft:saddle":1,"minecraft:mutton":6,"minecraft:rail":1403,"minecraft:white_wool":7,"minecraft:cobblestone":781,"minecraft:oxeye_daisy":7,"minecraft:stripped_oak_log":6,"minecraft:feather":9,"minecraft:glow_ink_sac":2,"minecraft:potato":278,"minecraft:cobblestone_stairs":1,"minecraft:oak_log":178,"minecraft:cobblestone_wall":1,"minecraft:golden_boots":2,"minecraft:yellow_bed":2,"minecraft:gunpowder":3,"minecraft:stripped_birch_log":1,"minecraft:dirt":2629,"minecraft:name_tag":1,"minecraft:cooked_mutton":8,"minecraft:glass":62,"minecraft:bone":27,"minecraft:apple":1,"minecraft:stonecutter":1,"minecraft:wheat_seeds":932,"minecraft:raw_gold":4,"minecraft:iron_ingot":66,"minecraft:stripped_oak_wood":2,"minecraft:fletching_table":2,"minecraft:glass_bottle":2,"minecraft:powered_rail":62,"minecraft:iron_sword":3,"minecraft:stone_hoe":1,"minecraft:oak_planks":115,"minecraft:pumpkin":6,"minecraft:stone_brick_slab":2,"minecraft:dandelion":37,"minecraft:poisonous_potato":2,"minecraft:lava_bucket":4,"minecraft:sand":37,"minecraft:blast_furnace":5,"minecraft:white_bed":29,"minecraft:spider_eye":5,"minecraft:mossy_cobblestone":1,"minecraft:iron_hoe":5,"minecraft:dispenser":2,"minecraft:iron_helmet":7,"minecraft:bone_meal":12,"minecraft:bread":39,"minecraft:oak_button":2,"minecraft:baked_potato":27,"minecraft:oak_sapling":43,"minecraft:netherrack":53,"minecraft:coal":14,"minecraft:hopper":1,"minecraft:diamond_pickaxe":1},"minecraft:custom":{"minecraft:mob_kills":76,"minecraft:animals_bred":47,"minecraft:inspect_hopper":2,"minecraft:interact_with_crafting_table":119,"minecraft:leave_game":11,"minecraft:time_since_death":4955,"minecraft:climb_one_cm":28515,"minecraft:sprint_one_cm":1097612,"minecraft:walk_one_cm":1599204,"minecraft:drop":59,"minecraft:talked_to_villager":19,"minecraft:play_time":534897,"minecraft:sneak_time":14004,"minecraft:deaths":8,"minecraft:walk_under_water_one_cm":10539,"minecraft:boat_one_cm":88754,"minecraft:jump":9477,"minecraft:interact_with_blast_furnace":13,"minecraft:walk_on_water_one_cm":60006,"minecraft:total_world_time":534897,"minecraft:interact_with_furnace":139,"minecraft:sleep_in_bed":38,"minecraft:time_since_rest":3946,"minecraft:damage_taken":5970,"minecraft:damage_dealt":9924,"minecraft:player_kills":1,"minecraft:swim_one_cm":20300,"minecraft:fly_one_cm":1438790,"minecraft:open_chest":261,"minecraft:crouch_one_cm":51369,"minecraft:fall_one_cm":299641,"minecraft:use_cauldron":2,"minecraft:inspect_dispenser":9},"minecraft:dropped":{"minecraft:water_bucket":2,"minecraft:bread":11,"minecraft:wheat_seeds":78,"minecraft:oak_log":27,"minecraft:cobblestone":134,"minecraft:rail":84,"minecraft:dirt":6,"minecraft:potion":1,"minecraft:iron_leggings":1,"minecraft:stripped_birch_log":1,"minecraft:iron_axe":2,"minecraft:iron_shovel":1,"minecraft:white_wool":1,"minecraft:bucket":2,"minecraft:redstone":128,"minecraft:cobblestone_wall":1,"minecraft:smooth_stone_slab":19,"minecraft:wheat":7,"minecraft:rotten_flesh":51,"minecraft:iron_hoe":1,"minecraft:name_tag":1,"minecraft:white_bed":2,"minecraft:carrot":2,"minecraft:poppy":1,"minecraft:cobblestone_slab":45,"minecraft:potato":2,"minecraft:stone":15,"minecraft:oak_sapling":25,"minecraft:spider_eye":2,"minecraft:glass":4,"minecraft:netherrack":20},"minecraft:killed_by":{"minecraft:creeper":1,"minecraft:enderman":1,"minecraft:skeleton":2,"minecraft:zombie":4},"minecraft:crafted":{"minecraft:smooth_stone":78,"minecraft:oak_planks":532,"minecraft:redstone":9,"minecraft:cobblestone_slab":1020,"minecraft:oak_sign":15,"minecraft:smooth_stone_slab":24,"minecraft:iron_nugget":9,"minecraft:chain":2,"minecraft:furnace":2,"minecraft:blast_furnace":1,"minecraft:oak_hanging_sign":6,"minecraft:cobblestone_stairs":4,"minecraft:stone":149,"minecraft:stone_stairs":4,"minecraft:glass":65,"minecraft:hopper":8,"minecraft:iron_boots":2,"minecraft:iron_axe":3,"minecraft:ladder":15,"minecraft:iron_hoe":1,"minecraft:stone_pickaxe":5,"minecraft:chest":22,"minecraft:oak_button":1,"minecraft:redstone_block":3,"minecraft:oak_fence":3,"minecraft:wheat":192,"minecraft:glass_bottle":3,"minecraft:cauldron":1,"minecraft:crafting_table":7,"minecraft:iron_helmet":2,"minecraft:wooden_pickaxe":11,"minecraft:baked_potato":60,"minecraft:iron_sword":2,"minecraft:bucket":4,"minecraft:oak_wood":45,"minecraft:bread":59,"minecraft:air":0,"minecraft:dispenser":1,"minecraft:iron_chestplate":2,"minecraft:shield":1,"minecraft:stick":116,"minecraft:stone_slab":60,"minecraft:iron_ingot":48,"minecraft:iron_pickaxe":8,"minecraft:iron_leggings":2,"minecraft:iron_shovel":5,"minecraft:gold_ingot":1,"minecraft:torch":8},"minecraft:killed":{"minecraft:spider":13,"minecraft:skeleton":1,"minecraft:bee":2,"minecraft:chicken":2,"minecraft:pig":4,"minecraft:zombie_villager":1,"minecraft:creeper":4,"minecraft:sheep":1,"minecraft:zombie":20,"minecraft:player":1,"minecraft:cow":27},"minecraft:broken":{"minecraft:iron_shovel":4,"minecraft:wooden_pickaxe":8,"minecraft:stone_pickaxe":3,"minecraft:iron_axe":2,"minecraft:iron_pickaxe":4}},"DataVersion":3700}