{"stats":{"minecraft:killed":{"minecraft:spider":71,"minecraft:shulker":3,"minecraft:skeleton":1,"minecraft:bee":2,"minecraft:chicken":2,"minecraft:pig":5,"minecraft:zombie_villager":1,"minecraft:creeper":4,"minecraft:sheep":1,"minecraft:zombie":21,"minecraft:cow":27,"minecraft:player":1,"minecraft:enderman":8},"minecraft:killed_by":{"minecraft:creeper":1,"minecraft:zombie":4,"minecraft:enderman":1,"minecraft:ender_dragon":1,"minecraft:skeleton":2},"minecraft:mined":{"minecraft:white_bed":27,"minecraft:farmland":5,"minecraft:cobblestone_stairs":2,"minecraft:brewing_stand":1,"minecraft:grass_block":762,"minecraft:composter":2,"minecraft:hopper":1,"minecraft:oak_wall_sign":2,"minecraft:oxeye_daisy":2,"minecraft:smooth_stone":2,"minecraft:tall_seagrass":1,"minecraft:iron_ore":1,"minecraft:fletching_table":1,"minecraft:azure_bluet":5,"minecraft:oak_wall_hanging_sign":1,"minecraft:water_cauldron":1,"minecraft:dirt_path":5,"minecraft:end_stone_bricks":1,"minecraft:purpur_stairs":2,"minecraft:torch":2,"minecraft:blast_furnace":3,"minecraft:poppy":2,"minecraft:chest":6,"minecraft:glass":17,"minecraft:cobblestone":409,"minecraft:oak_planks":33,"minecraft:wall_torch":5,"minecraft:seagrass":1,"minecraft:powered_rail":59,"minecraft:mud":1,"minecraft:wheat":225,"minecraft:stripped_oak_wood":3,"minecraft:purpur_block":12,"minecraft:smooth_stone_slab":1,"minecraft:oak_log":168,"minecraft:sand":37,"minecraft:dirt":700,"minecraft:dispenser":2,"minecraft:stonecutter":1,"minecraft:netherrack":55,"minecraft:oak_leaves":76,"minecraft:mossy_cobblestone":1,"minecraft:end_stone":508,"minecraft:ladder":1,"minecraft:hay_block":31,"minecraft:furnace":2,"minecraft:carrots":21,"minecraft:bookshelf":3,"minecraft:potatoes":79,"minecraft:cobblestone_slab":3,"minecraft:rail":1306,"minecraft:stripped_oak_log":6,"minecraft:chorus_plant":1,"minecraft:stone":117,"minecraft:white_wool":1,"minecraft:redstone_wall_torch":3,"minecraft:redstone_block":9,"minecraft:magenta_stained_glass":2,"minecraft:dandelion":23,"minecraft:oak_fence":1,"minecraft:crafting_table":3,"minecraft:cornflower":4,"minecraft:short_grass":150,"minecraft:rose_bush":1,"minecraft:stone_slab":1,"minecraft:tall_grass":18,"minecraft:redstone_torch":9,"minecraft:birch_leaves":1,"minecraft:bee_nest":1,"minecraft:yellow_bed":1,"minecraft:coal_ore":11,"minecraft:cobweb":2,"minecraft:cracked_stone_bricks":3,"minecraft:stone_bricks":2,"minecraft:mossy_stone_bricks":1},"minecraft:used":{"minecraft:iron_shovel":1248,"minecraft:dispenser":3,"minecraft:ladder":12,"minecraft:oak_sign":14,"minecraft:chest":17,"minecraft:stone":2,"minecraft:iron_sword":365,"minecraft:carrot":169,"minecraft:glass":120,"minecraft:lava_bucket":7,"minecraft:bow":96,"minecraft:furnace":3,"minecraft:oak_sapling":16,"minecraft:egg":2,"minecraft:potato":151,"minecraft:stone_pickaxe":445,"minecraft:powered_rail":67,"minecraft:oak_planks":90,"minecraft:ender_pearl":6,"minecraft:wooden_pickaxe":522,"minecraft:composter":2,"minecraft:redstone_block":11,"minecraft:white_wool":2,"minecraft:blast_furnace":3,"minecraft:end_stone":306,"minecraft:redstone_torch":11,"minecraft:bread":48,"minecraft:smooth_stone_slab":6,"minecraft:oak_boat":11,"minecraft:air":1,"minecraft:oak_hanging_sign":2,"minecraft:bone_meal":17,"minecraft:oak_fence":2,"minecraft:stone_shovel":36,"minecraft:netherrack":31,"minecraft:torch":57,"minecraft:dirt":1149,"minecraft:hopper":11,"minecraft:stone_stairs":3,"minecraft:iron_hoe":258,"minecraft:iron_axe":452,"minecraft:minecart":7,"minecraft:cooked_beef":5,"minecraft:wheat_seeds":138,"minecraft:cooked_mutton":5,"minecraft:water_bucket":88,"minecraft:cobblestone_stairs":2,"minecraft:glass_bottle":3,"minecraft:baked_potato":25,"minecraft:cauldron":2,"minecraft:cobblestone_slab":117,"minecraft:rail":1273,"minecraft:crafting_table":11,"minecraft:white_bed":25,"minecraft:oak_log":8,"minecraft:mud":1,"minecraft:oak_button":3,"minecraft:iron_pickaxe":1650,"minecraft:stone_slab":63,"minecraft:cobblestone":207,"minecraft:potion":2,"minecraft:bucket":98,"minecraft:yellow_bed":1,"minecraft:smooth_stone":67},"minecraft:crafted":{"minecraft:oak_planks":532,"minecraft:smooth_stone":78,"minecraft:cobblestone_slab":1020,"minecraft:oak_sign":15,"minecraft:chain":2,"minecraft:oak_hanging_sign":6,"minecraft:stone":149,"minecraft:cobblestone_stairs":4,"minecraft:glass":65,"minecraft:hopper":8,"minecraft:bow":3,"minecraft:iron_boots":5,"minecraft:chest":22,"minecraft:oak_button":1,"minecraft:oak_fence":3,"minecraft:glass_bottle":3,"minecraft:cauldron":1,"minecraft:crafting_table":8,"minecraft:wooden_pickaxe":11,"minecraft:baked_potato":60,"minecraft:iron_helmet":4,"minecraft:oak_wood":45,"minecraft:dispenser":1,"minecraft:iron_chestplate":4,"minecraft:shield":3,"minecraft:stick":136,"minecraft:stone_slab":60,"minecraft:iron_ingot":48,"minecraft:iron_pickaxe":9,"minecraft:gold_ingot":1,"minecraft:redstone":9,"minecraft:smooth_stone_slab":24,"minecraft:iron_nugget":9,"minecraft:furnace":2,"minecraft:blast_furnace":1,"minecraft:stone_stairs":4,"minecraft:iron_axe":5,"minecraft:ladder":15,"minecraft:iron_hoe":1,"minecraft:stone_pickaxe":5,"minecraft:redstone_block":3,"minecraft:wheat":192,"minecraft:iron_sword":5,"minecraft:bucket":4,"minecraft:bread":59,"minecraft:air":0,"minecraft:iron_shovel":7,"minecraft:iron_leggings":4,"minecraft:torch":8},"minecraft:dropped":{"minecraft:iron_sword":1,"minecraft:oak_log":27,"minecraft:cracked_stone_bricks":40,"minecraft:purpur_stairs":1,"minecraft:rail":84,"minecraft:dirt":18,"minecraft:iron_pickaxe":1,"minecraft:white_wool":1,"minecraft:bone":128,"minecraft:purpur_block":6,"minecraft:sugar_cane":1,"minecraft:cobbled_deepslate":17,"minecraft:wheat":7,"minecraft:rotten_flesh":51,"minecraft:end_stone":12,"minecraft:white_bed":2,"minecraft:carrot":35,"minecraft:poppy":1,"minecraft:glass":4,"minecraft:netherrack":20,"minecraft:water_bucket":3,"minecraft:bread":11,"minecraft:wheat_seeds":78,"minecraft:iron_helmet":1,"minecraft:cobblestone":209,"minecraft:diorite":8,"minecraft:potion":1,"minecraft:iron_leggings":1,"minecraft:stripped_birch_log":1,"minecraft:iron_axe":2,"minecraft:iron_shovel":1,"minecraft:string":2,"minecraft:bucket":2,"minecraft:redstone":128,"minecraft:cobblestone_wall":1,"minecraft:smooth_stone_slab":19,"minecraft:iron_hoe":1,"minecraft:name_tag":1,"minecraft:potato":2,"minecraft:cobblestone_slab":45,"minecraft:stone":15,"minecraft:andesite":7,"minecraft:mossy_stone_bricks":9,"minecraft:oak_sapling":25,"minecraft:stone_bricks":20,"minecraft:spider_eye":2},"minecraft:broken":{"minecraft:iron_shovel":4,"minecraft:stone_pickaxe":3,"minecraft:wooden_pickaxe":8,"minecraft:iron_axe":2,"minecraft:iron_pickaxe":6},"minecraft:custom":{"minecraft:animals_bred":47,"minecraft:interact_with_crafting_table":130,"minecraft:leave_game":14,"minecraft:time_since_death":57784,"minecraft:sprint_one_cm":1389393,"minecraft:drop":100,"minecraft:talked_to_villager":19,"minecraft:play_time":646941,"minecraft:deaths":10,"minecraft:jump":11082,"minecraft:interact_with_brewingstand":2,"minecraft:walk_on_water_one_cm":89193,"minecraft:enchant_item":3,"minecraft:interact_with_furnace":139,"minecraft:sleep_in_bed":40,"minecraft:damage_dealt":21895,"minecraft:player_kills":1,"minecraft:crouch_one_cm":72993,"minecraft:use_cauldron":2,"minecraft:inspect_dispenser":9,"minecraft:mob_kills":147,"minecraft:interact_with_anvil":2,"minecraft:inspect_hopper":2,"minecraft:climb_one_cm":31932,"minecraft:walk_one_cm":1805808,"minecraft:sneak_time":18820,"minecraft:walk_under_water_one_cm":32904,"minecraft:boat_one_cm":88754,"minecraft:interact_with_blast_furnace":13,"minecraft:total_world_time":646941,"minecraft:time_since_rest":57862,"minecraft:damage_taken":8455,"minecraft:swim_one_cm":31758,"minecraft:fly_one_cm":1820936,"minecraft:open_chest":309,"minecraft:fall_one_cm":357400},"minecraft:picked_up":{"minecraft:shulker_shell":2,"minecraft:iron_chestplate":13,"minecraft:wheat":374,"minecraft:redstone_block":9,"minecraft:stone_slab":11,"minecraft:potion":7,"minecraft:brewing_stand":1,"minecraft:string":11,"minecraft:oak_hanging_sign":12,"minecraft:smooth_stone_slab":39,"minecraft:iron_leggings":14,"minecraft:oak_sign":4,"minecraft:cobbled_deepslate":17,"minecraft:smooth_stone":4,"minecraft:bucket":2,"minecraft:redstone_torch":15,"minecraft:cobblestone_slab":17,"minecraft:iron_pickaxe":12,"minecraft:iron_boots":11,"minecraft:furnace":2,"minecraft:stick":183,"minecraft:composter":2,"minecraft:oak_fence":5,"minecraft:torch":57,"minecraft:porkchop":8,"minecraft:diorite":8,"minecraft:cauldron":1,"minecraft:rotten_flesh":79,"minecraft:cobblestone":956,"minecraft:feather":9,"minecraft:cooked_beef":21,"minecraft:andesite":7,"minecraft:potato":278,"minecraft:stripped_birch_log":1,"minecraft:dirt":2642,"minecraft:name_tag":1,"minecraft:glass":62,"minecraft:bone":347,"minecraft:stonecutter":1,"minecraft:bow":2,"minecraft:wheat_seeds":932,"minecraft:raw_gold":4,"minecraft:mossy_stone_bricks":9,"minecraft:fletching_table":2,"minecraft:powered_rail":62,"minecraft:stone_hoe":1,"minecraft:oak_planks":126,"minecraft:poisonous_potato":2,"minecraft:sand":37,"minecraft:spectral_arrow":14,"minecraft:mossy_cobblestone":1,"minecraft:iron_hoe":5,"minecraft:dispenser":2,"minecraft:bone_meal":12,"minecraft:bread":39,"minecraft:oak_sapling":43,"minecraft:chorus_fruit":12,"minecraft:netherrack":53,"minecraft:diamond_pickaxe":1,"minecraft:mud":1,"minecraft:crafting_table":7,"minecraft:azure_bluet":8,"minecraft:chicken":7,"minecraft:ladder":5,"minecraft:wooden_pickaxe":3,"minecraft:purpur_block":6,"minecraft:shield":4,"minecraft:cornflower":11,"minecraft:stone_stairs":2,"minecraft:iron_axe":12,"minecraft:iron_shovel":10,"minecraft:cracked_stone_bricks":40,"minecraft:oak_boat":13,"minecraft:iron_nugget":10,"minecraft:poppy":7,"minecraft:minecart":11,"minecraft:sugar_cane":1,"minecraft:chest":9,"minecraft:egg":4,"minecraft:raw_iron":29,"minecraft:end_stone":510,"minecraft:stone":26,"minecraft:carrot":364,"minecraft:redstone":122,"minecraft:arrow":219,"minecraft:stone_shovel":1,"minecraft:beetroot_seeds":4,"minecraft:hay_block":104,"minecraft:saddle":1,"minecraft:mutton":6,"minecraft:white_wool":7,"minecraft:rail":1403,"minecraft:oxeye_daisy":7,"minecraft:stripped_oak_log":6,"minecraft:glow_ink_sac":2,"minecraft:purpur_stairs":1,"minecraft:oak_log":193,"minecraft:gunpowder":3,"minecraft:golden_boots":2,"minecraft:yellow_bed":2,"minecraft:cobblestone_wall":1,"minecraft:cobblestone_stairs":1,"minecraft:cooked_mutton":8,"minecraft:apple":1,"minecraft:stone_bricks":20,"minecraft:iron_ingot":438,"minecraft:stripped_oak_wood":2,"minecraft:glass_bottle":2,"minecraft:iron_sword":10,"minecraft:pumpkin":6,"minecraft:stone_brick_slab":2,"minecraft:dandelion":37,"minecraft:lava_bucket":4,"minecraft:blast_furnace":5,"minecraft:white_bed":29,"minecraft:spider_eye":5,"minecraft:iron_helmet":14,"minecraft:oak_button":2,"minecraft:baked_potato":27,"minecraft:coal":14,"minecraft:hopper":1,"minecraft:ender_pearl":9}},"DataVersion":3700}