{"stats":{"minecraft:used":{"minecraft:oak_fence":2,"minecraft:iron_shovel":552,"minecraft:stone_shovel":36,"minecraft:dispenser":3,"minecraft:ladder":7,"minecraft:oak_sign":5,"minecraft:chest":6,"minecraft:stone":2,"minecraft:iron_sword":44,"minecraft:torch":52,"minecraft:dirt":402,"minecraft:hopper":2,"minecraft:stone_stairs":3,"minecraft:glass":8,"minecraft:iron_hoe":258,"minecraft:lava_bucket":1,"minecraft:iron_axe":386,"minecraft:furnace":3,"minecraft:minecart":6,"minecraft:egg":2,"minecraft:potato":151,"minecraft:wheat_seeds":133,"minecraft:cooked_mutton":2,"minecraft:water_bucket":10,"minecraft:stone_pickaxe":134,"minecraft:glass_bottle":3,"minecraft:powered_rail":12,"minecraft:baked_potato":25,"minecraft:oak_planks":80,"minecraft:wooden_pickaxe":522,"minecraft:composter":2,"minecraft:cauldron":2,"minecraft:white_wool":2,"minecraft:rail":754,"minecraft:crafting_table":5,"minecraft:blast_furnace":3,"minecraft:white_bed":19,"minecraft:redstone_torch":11,"minecraft:oak_log":6,"minecraft:mud":1,"minecraft:iron_pickaxe":393,"minecraft:bread":48,"minecraft:oak_button":3,"minecraft:stone_slab":2,"minecraft:cobblestone":36,"minecraft:potion":2,"minecraft:bucket":12,"minecraft:yellow_bed":1,"minecraft:oak_boat":11,"minecraft:air":1,"minecraft:oak_hanging_sign":2,"minecraft:bone_meal":17},"minecraft:mined":{"minecraft:white_bed":24,"minecraft:farmland":5,"minecraft:mossy_cobblestone":1,"minecraft:ladder":1,"minecraft:grass_block":237,"minecraft:composter":2,"minecraft:hopper":1,"minecraft:oak_wall_sign":2,"minecraft:hay_block":31,"minecraft:tall_seagrass":1,"minecraft:carrots":1,"minecraft:furnace":2,"minecraft:fletching_table":1,"minecraft:azure_bluet":4,"minecraft:potatoes":79,"minecraft:dirt_path":4,"minecraft:water_cauldron":1,"minecraft:oak_wall_hanging_sign":1,"minecraft:rail":889,"minecraft:stripped_oak_log":6,"minecraft:stone":43,"minecraft:white_wool":1,"minecraft:redstone_wall_torch":3,"minecraft:dandelion":3,"minecraft:oak_fence":1,"minecraft:cornflower":1,"minecraft:crafting_table":1,"minecraft:torch":2,"minecraft:short_grass":115,"minecraft:blast_furnace":3,"minecraft:chest":5,"minecraft:glass":7,"minecraft:tall_grass":13,"minecraft:cobblestone":59,"minecraft:oak_planks":30,"minecraft:wall_torch":2,"minecraft:seagrass":1,"minecraft:powered_rail":16,"minecraft:mud":1,"minecraft:redstone_torch":9,"minecraft:wheat":220,"minecraft:stripped_oak_wood":3,"minecraft:yellow_bed":1,"minecraft:oak_log":125,"minecraft:coal_ore":11,"minecraft:sand":37,"minecraft:dirt":496,"minecraft:dispenser":2,"minecraft:stonecutter":1,"minecraft:oak_leaves":30},"minecraft:picked_up":{"minecraft:crafting_table":2,"minecraft:mud":1,"minecraft:iron_chestplate":6,"minecraft:wheat":369,"minecraft:azure_bluet":4,"minecraft:chicken":3,"minecraft:ladder":1,"minecraft:stone_slab":9,"minecraft:wooden_pickaxe":3,"minecraft:potion":5,"minecraft:brewing_stand":1,"minecraft:cornflower":3,"minecraft:string":7,"minecraft:stone_stairs":2,"minecraft:iron_axe":7,"minecraft:oak_hanging_sign":12,"minecraft:iron_leggings":7,"minecraft:iron_shovel":4,"minecraft:oak_sign":3,"minecraft:smooth_stone":2,"minecraft:bucket":1,"minecraft:oak_boat":13,"minecraft:redstone_torch":14,"minecraft:cobblestone_slab":11,"minecraft:iron_nugget":10,"minecraft:poppy":2,"minecraft:iron_pickaxe":6,"minecraft:minecart":8,"minecraft:chest":8,"minecraft:furnace":2,"minecraft:iron_boots":5,"minecraft:egg":3,"minecraft:stick":55,"minecraft:raw_iron":29,"minecraft:stone":26,"minecraft:composter":2,"minecraft:oak_fence":5,"minecraft:torch":54,"minecraft:carrot":9,"minecraft:redstone":122,"minecraft:cauldron":1,"minecraft:arrow":26,"minecraft:stone_shovel":1,"minecraft:rotten_flesh":67,"minecraft:beetroot_seeds":4,"minecraft:hay_block":104,"minecraft:saddle":1,"minecraft:mutton":6,"minecraft:rail":946,"minecraft:white_wool":7,"minecraft:cobblestone":182,"minecraft:stripped_oak_log":6,"minecraft:feather":3,"minecraft:glow_ink_sac":2,"minecraft:potato":278,"minecraft:oak_log":151,"minecraft:cobblestone_wall":1,"minecraft:golden_boots":2,"minecraft:yellow_bed":2,"minecraft:gunpowder":2,"minecraft:stripped_birch_log":1,"minecraft:dirt":1927,"minecraft:cooked_mutton":8,"minecraft:bone":20,"minecraft:stonecutter":1,"minecraft:wheat_seeds":899,"minecraft:raw_gold":4,"minecraft:iron_ingot":3,"minecraft:stripped_oak_wood":2,"minecraft:fletching_table":2,"minecraft:glass_bottle":2,"minecraft:powered_rail":16,"minecraft:stone_hoe":1,"minecraft:iron_sword":2,"minecraft:oak_planks":89,"minecraft:pumpkin":6,"minecraft:stone_brick_slab":2,"minecraft:dandelion":9,"minecraft:poisonous_potato":2,"minecraft:lava_bucket":2,"minecraft:sand":37,"minecraft:blast_furnace":5,"minecraft:white_bed":26,"minecraft:spider_eye":5,"minecraft:mossy_cobblestone":1,"minecraft:iron_hoe":5,"minecraft:dispenser":2,"minecraft:iron_helmet":6,"minecraft:bone_meal":12,"minecraft:bread":39,"minecraft:oak_button":2,"minecraft:baked_potato":27,"minecraft:oak_sapling":35,"minecraft:coal":14,"minecraft:hopper":1,"minecraft:diamond_pickaxe":1},"minecraft:custom":{"minecraft:mob_kills":55,"minecraft:animals_bred":47,"minecraft:inspect_hopper":2,"minecraft:interact_with_crafting_table":86,"minecraft:leave_game":7,"minecraft:time_since_death":8361,"minecraft:climb_one_cm":18584,"minecraft:sprint_one_cm":703961,"minecraft:walk_one_cm":1124351,"minecraft:drop":40,"minecraft:talked_to_villager":16,"minecraft:play_time":354447,"minecraft:sneak_time":6539,"minecraft:deaths":7,"minecraft:walk_under_water_one_cm":10516,"minecraft:boat_one_cm":88754,"minecraft:jump":7130,"minecraft:interact_with_blast_furnace":10,"minecraft:walk_on_water_one_cm":12671,"minecraft:total_world_time":354447,"minecraft:interact_with_furnace":131,"minecraft:sleep_in_bed":26,"minecraft:time_since_rest":8384,"minecraft:damage_taken":4598,"minecraft:damage_dealt":6962,"minecraft:player_kills":1,"minecraft:swim_one_cm":20300,"minecraft:fly_one_cm":1027834,"minecraft:open_chest":169,"minecraft:crouch_one_cm":27258,"minecraft:fall_one_cm":223729,"minecraft:use_cauldron":1,"minecraft:inspect_dispenser":9},"minecraft:dropped":{"minecraft:bread":11,"minecraft:wheat_seeds":78,"minecraft:oak_log":27,"minecraft:cobblestone":4,"minecraft:rail":82,"minecraft:dirt":6,"minecraft:potion":1,"minecraft:iron_leggings":1,"minecraft:stripped_birch_log":1,"minecraft:iron_axe":1,"minecraft:white_wool":1,"minecraft:redstone":128,"minecraft:cobblestone_wall":1,"minecraft:rotten_flesh":51,"minecraft:iron_hoe":1,"minecraft:white_bed":2,"minecraft:carrot":1,"minecraft:poppy":1,"minecraft:potato":2,"minecraft:oak_sapling":25,"minecraft:spider_eye":2},"minecraft:killed_by":{"minecraft:creeper":1,"minecraft:enderman":1,"minecraft:skeleton":2,"minecraft:zombie":3},"minecraft:crafted":{"minecraft:smooth_stone":78,"minecraft:oak_planks":420,"minecraft:oak_sign":15,"minecraft:cobblestone_slab":150,"minecraft:smooth_stone_slab":24,"minecraft:iron_nugget":9,"minecraft:chain":2,"minecraft:furnace":2,"minecraft:blast_furnace":1,"minecraft:oak_hanging_sign":6,"minecraft:stone":149,"minecraft:stone_stairs":4,"minecraft:glass":27,"minecraft:hopper":7,"minecraft:iron_boots":1,"minecraft:iron_axe":2,"minecraft:ladder":6,"minecraft:iron_hoe":1,"minecraft:stone_pickaxe":1,"minecraft:chest":11,"minecraft:oak_button":1,"minecraft:oak_fence":3,"minecraft:wheat":192,"minecraft:glass_bottle":3,"minecraft:cauldron":1,"minecraft:crafting_table":4,"minecraft:iron_helmet":1,"minecraft:wooden_pickaxe":11,"minecraft:baked_potato":60,"minecraft:iron_sword":1,"minecraft:bucket":1,"minecraft:oak_wood":45,"minecraft:bread":59,"minecraft:air":0,"minecraft:dispenser":1,"minecraft:iron_chestplate":1,"minecraft:stick":68,"minecraft:stone_slab":60,"minecraft:iron_ingot":48,"minecraft:iron_pickaxe":3,"minecraft:iron_leggings":1,"minecraft:iron_shovel":2,"minecraft:gold_ingot":1,"minecraft:torch":8},"minecraft:killed":{"minecraft:spider":8,"minecraft:zombie_villager":1,"minecraft:creeper":3,"minecraft:sheep":1,"minecraft:zombie":15,"minecraft:player":1,"minecraft:cow":27},"minecraft:broken":{"minecraft:iron_shovel":2,"minecraft:wooden_pickaxe":8,"minecraft:stone_pickaxe":1,"minecraft:iron_axe":2,"minecraft:iron_pickaxe":2}},"DataVersion":3700}