{"stats":{"minecraft:used":{"minecraft:iron_shovel":880,"minecraft:ladder":18,"minecraft:chest":14,"minecraft:shield":190,"minecraft:stone":41,"minecraft:iron_sword":571,"minecraft:rotten_flesh":32,"minecraft:iron_chestplate":9,"minecraft:mutton":5,"minecraft:tuff":1,"minecraft:obsidian":10,"minecraft:lava_bucket":9,"minecraft:iron_helmet":3,"minecraft:oak_sapling":9,"minecraft:furnace":5,"minecraft:egg":3,"minecraft:potato":35,"minecraft:golden_boots":5,"minecraft:diorite":5,"minecraft:powered_rail":10,"minecraft:oak_planks":758,"minecraft:composter":2,"minecraft:golden_apple":1,"minecraft:blast_furnace":2,"minecraft:dripstone_block":6,"minecraft:redstone_torch":4,"minecraft:bread":138,"minecraft:lectern":1,"minecraft:gravel":11,"minecraft:diamond_sword":147,"minecraft:grindstone":1,"minecraft:andesite":1,"minecraft:oak_boat":24,"minecraft:oak_trapdoor":4,"minecraft:enchanting_table":3,"minecraft:flint_and_steel":1,"minecraft:stone_shovel":45,"minecraft:stone_hoe":91,"minecraft:netherrack":109,"minecraft:oak_door":2,"minecraft:torch":279,"minecraft:brewing_stand":1,"minecraft:dirt":276,"minecraft:anvil":1,"minecraft:granite":13,"minecraft:oak_fence_gate":3,"minecraft:iron_hoe":109,"minecraft:wooden_axe":34,"minecraft:bookshelf":7,"minecraft:iron_axe":666,"minecraft:iron_boots":12,"minecraft:crimson_planks":7,"minecraft:beef":6,"minecraft:minecart":6,"minecraft:cobbled_deepslate":2,"minecraft:pointed_dripstone":8,"minecraft:golden_axe":32,"minecraft:iron_leggings":8,"minecraft:wheat_seeds":183,"minecraft:cooked_mutton":3,"minecraft:water_bucket":232,"minecraft:baked_potato":2,"minecraft:cauldron":26,"minecraft:rail":371,"minecraft:crafting_table":15,"minecraft:white_bed":29,"minecraft:warped_planks":31,"minecraft:oak_log":13,"minecraft:diamond_pickaxe":1347,"minecraft:apple":7,"minecraft:chicken":2,"minecraft:iron_pickaxe":332,"minecraft:leather_helmet":1,"minecraft:stone_axe":47,"minecraft:cobblestone":314,"minecraft:porkchop":16,"minecraft:bucket":242},"minecraft:mined":{"minecraft:white_bed":23,"minecraft:farmland":1,"minecraft:brewing_stand":1,"minecraft:obsidian":23,"minecraft:grass_block":376,"minecraft:crimson_fungus":2,"minecraft:composter":5,"minecraft:glowstone":42,"minecraft:iron_ore":110,"minecraft:cobbled_deepslate":1,"minecraft:fire":77,"minecraft:pumpkin":2,"minecraft:fletching_table":1,"minecraft:azure_bluet":5,"minecraft:enchanting_table":2,"minecraft:pointed_dripstone":32,"minecraft:water_cauldron":2,"minecraft:dirt_path":23,"minecraft:deepslate_redstone_ore":5,"minecraft:torch":6,"minecraft:blast_furnace":1,"minecraft:poppy":1,"minecraft:chest":3,"minecraft:nether_quartz_ore":31,"minecraft:cobblestone":91,"minecraft:sugar_cane":2,"minecraft:oak_planks":140,"minecraft:wall_torch":16,"minecraft:cauldron":26,"minecraft:chain":1,"minecraft:powered_rail":5,"minecraft:warped_planks":1,"minecraft:wheat":103,"minecraft:oak_log":264,"minecraft:beetroots":3,"minecraft:oak_fence_gate":2,"minecraft:dirt":509,"minecraft:netherrack":250,"minecraft:oak_leaves":94,"minecraft:deepslate":18,"minecraft:nether_gold_ore":87,"minecraft:tuff":1,"minecraft:mossy_cobblestone":1,"minecraft:deepslate_diamond_ore":12,"minecraft:ladder":1,"minecraft:nether_bricks":10,"minecraft:crimson_roots":2,"minecraft:crimson_stem":11,"minecraft:hay_block":57,"minecraft:redstone_ore":4,"minecraft:carrots":17,"minecraft:nether_sprouts":1,"minecraft:andesite":4,"minecraft:bell":2,"minecraft:nether_brick_fence":2,"minecraft:bookshelf":8,"minecraft:potatoes":20,"minecraft:deepslate_iron_ore":28,"minecraft:shroomlight":2,"minecraft:rail":232,"minecraft:warped_stem":9,"minecraft:stripped_oak_log":8,"minecraft:stone":474,"minecraft:soul_sand":10,"minecraft:oak_fence":4,"minecraft:crafting_table":10,"minecraft:short_grass":648,"minecraft:emerald_ore":1,"minecraft:warped_roots":1,"minecraft:lectern":3,"minecraft:tall_grass":124,"minecraft:deepslate_gold_ore":8,"minecraft:diorite":12,"minecraft:warped_wart_block":2,"minecraft:redstone_torch":1,"minecraft:yellow_bed":1,"minecraft:coal_ore":105,"minecraft:gravel":11,"minecraft:dripstone_block":7,"minecraft:cobweb":25,"minecraft:gold_ore":10},"minecraft:picked_up":{"minecraft:wooden_axe":3,"minecraft:iron_chestplate":11,"minecraft:wheat":186,"minecraft:nether_brick_fence":4,"minecraft:stone_slab":59,"minecraft:diamond_sword":1,"minecraft:oak_stairs":2,"minecraft:potion":1,"minecraft:enchanted_book":1,"minecraft:brewing_stand":1,"minecraft:string":40,"minecraft:raw_copper":5,"minecraft:smooth_stone_slab":24,"minecraft:iron_leggings":12,"minecraft:shroomlight":2,"minecraft:oak_sign":9,"minecraft:beetroot":2,"minecraft:cobbled_deepslate":23,"minecraft:gold_nugget":352,"minecraft:smooth_stone":65,"minecraft:bucket":5,"minecraft:redstone_torch":1,"minecraft:cobblestone_slab":158,"minecraft:iron_pickaxe":12,"minecraft:enchanted_golden_apple":1,"minecraft:iron_boots":9,"minecraft:stick":67,"minecraft:composter":5,"minecraft:oak_fence":7,"minecraft:torch":231,"minecraft:porkchop":16,"minecraft:golden_axe":2,"minecraft:pointed_dripstone":94,"minecraft:diorite":43,"minecraft:warped_planks":1,"minecraft:cauldron":25,"minecraft:rotten_flesh":70,"minecraft:blaze_rod":12,"minecraft:obsidian":23,"minecraft:cobblestone":954,"minecraft:enchanting_table":2,"minecraft:water_bucket":4,"minecraft:andesite":6,"minecraft:golden_leggings":1,"minecraft:potato":85,"minecraft:flint":2,"minecraft:tuff":20,"minecraft:dirt":917,"minecraft:name_tag":1,"minecraft:bone":16,"minecraft:bow":2,"minecraft:wheat_seeds":465,"minecraft:raw_gold":42,"minecraft:bell":5,"minecraft:fletching_table":1,"minecraft:glowstone_dust":176,"minecraft:powered_rail":12,"minecraft:stone_hoe":1,"minecraft:oak_planks":211,"minecraft:warped_wart_block":2,"minecraft:nether_brick_stairs":1,"minecraft:iron_hoe":1,"minecraft:sugar":2,"minecraft:diamond":24,"minecraft:granite":24,"minecraft:emerald":2,"minecraft:bread":29,"minecraft:oak_sapling":30,"minecraft:netherrack":312,"minecraft:crimson_roots":2,"minecraft:diamond_pickaxe":8,"minecraft:crafting_table":13,"minecraft:nether_wart":23,"minecraft:allium":40,"minecraft:azure_bluet":16,"minecraft:chicken":2,"minecraft:ladder":3,"minecraft:chest_minecart":8,"minecraft:wooden_pickaxe":1,"minecraft:chain":1,"minecraft:shield":8,"minecraft:iron_axe":5,"minecraft:flint_and_steel":2,"minecraft:iron_shovel":7,"minecraft:beef":9,"minecraft:oak_boat":23,"minecraft:poppy":6,"minecraft:lectern":3,"minecraft:minecart":6,"minecraft:sugar_cane":4,"minecraft:chest":5,"minecraft:birch_sapling":11,"minecraft:egg":3,"minecraft:raw_iron":164,"minecraft:stone":16,"minecraft:carrot":20,"minecraft:redstone":135,"minecraft:arrow":17,"minecraft:beetroot_seeds":8,"minecraft:nether_bricks":3,"minecraft:hay_block":52,"minecraft:saddle":3,"minecraft:glow_berries":15,"minecraft:mutton":10,"minecraft:white_wool":17,"minecraft:rail":370,"minecraft:oxeye_daisy":1,"minecraft:stripped_oak_log":8,"minecraft:crimson_stem":11,"minecraft:glow_ink_sac":11,"minecraft:leather":7,"minecraft:crimson_fungus":2,"minecraft:oak_log":258,"minecraft:golden_boots":1,"minecraft:gunpowder":14,"minecraft:apple":9,"minecraft:warped_stem":9,"minecraft:oak_fence_gate":2,"minecraft:iron_ingot":25,"minecraft:stone_pickaxe":1,"minecraft:soul_sand":20,"minecraft:iron_sword":12,"minecraft:book":24,"minecraft:oak_slab":4,"minecraft:quartz":26,"minecraft:dandelion":5,"minecraft:dripstone_block":10,"minecraft:gravel":15,"minecraft:blast_furnace":1,"minecraft:white_bed":27,"minecraft:crying_obsidian":3,"minecraft:spider_eye":3,"minecraft:iron_helmet":6,"minecraft:warped_roots":4,"minecraft:baked_potato":35,"minecraft:melon_seeds":12,"minecraft:warped_nylium":2,"minecraft:coal":121,"minecraft:hopper":6,"minecraft:ender_pearl":2},"minecraft:custom":{"minecraft:interact_with_crafting_table":134,"minecraft:leave_game":6,"minecraft:time_since_death":23734,"minecraft:sprint_one_cm":1825256,"minecraft:damage_blocked_by_shield":10455,"minecraft:drop":150,"minecraft:talked_to_villager":69,"minecraft:play_time":638152,"minecraft:deaths":21,"minecraft:jump":11402,"minecraft:interact_with_brewingstand":2,"minecraft:walk_on_water_one_cm":65530,"minecraft:enchant_item":11,"minecraft:interact_with_furnace":87,"minecraft:sleep_in_bed":31,"minecraft:damage_dealt":33898,"minecraft:player_kills":1,"minecraft:crouch_one_cm":43161,"minecraft:use_cauldron":5,"minecraft:inspect_dispenser":4,"minecraft:interact_with_anvil":2,"minecraft:mob_kills":195,"minecraft:climb_one_cm":48828,"minecraft:walk_one_cm":1423818,"minecraft:sneak_time":15010,"minecraft:walk_under_water_one_cm":82643,"minecraft:boat_one_cm":58592,"minecraft:interact_with_blast_furnace":9,"minecraft:total_world_time":638597,"minecraft:interact_with_grindstone":2,"minecraft:time_since_rest":15665,"minecraft:damage_taken":11733,"minecraft:damage_absorbed":40,"minecraft:swim_one_cm":17988,"minecraft:fly_one_cm":2029600,"minecraft:open_chest":342,"minecraft:fall_one_cm":334505},"minecraft:dropped":{"minecraft:iron_sword":4,"minecraft:oak_log":5,"minecraft:rail":1,"minecraft:dirt":347,"minecraft:iron_pickaxe":4,"minecraft:gold_ingot":27,"minecraft:cobbled_deepslate":7,"minecraft:birch_sapling":11,"minecraft:wheat":65,"minecraft:pointed_dripstone":1,"minecraft:beetroot":2,"minecraft:rotten_flesh":17,"minecraft:oak_planks":28,"minecraft:cooked_mutton":2,"minecraft:azure_bluet":9,"minecraft:poppy":2,"minecraft:gunpowder":7,"minecraft:beetroot_seeds":4,"minecraft:arrow":1,"minecraft:stone_hoe":1,"minecraft:iron_ingot":1,"minecraft:oak_slab":4,"minecraft:wheat_seeds":29,"minecraft:dripstone_block":4,"minecraft:oak_fence":5,"minecraft:cobblestone":100,"minecraft:granite":9,"minecraft:stick":6,"minecraft:oxeye_daisy":1,"minecraft:iron_leggings":2,"minecraft:oak_stairs":1,"minecraft:iron_axe":2,"minecraft:iron_shovel":3,"minecraft:string":5,"minecraft:bucket":1,"minecraft:dandelion":3,"minecraft:tuff":6,"minecraft:raw_iron":5,"minecraft:stone_shovel":2,"minecraft:iron_boots":1,"minecraft:nether_bricks":1,"minecraft:shield":2,"minecraft:allium":20,"minecraft:iron_chestplate":1,"minecraft:diamond_pickaxe":5,"minecraft:oak_sapling":2,"minecraft:oak_boat":1,"minecraft:redstone_torch":1,"minecraft:spider_eye":2,"minecraft:bow":2,"minecraft:stone_pickaxe":1,"minecraft:wooden_pickaxe":1,"minecraft:raw_gold":21},"minecraft:killed_by":{"minecraft:wither_skeleton":1,"minecraft:creeper":1,"minecraft:blaze":2,"minecraft:witch":1,"minecraft:zombie":5,"minecraft:player":1,"minecraft:skeleton":3},"minecraft:crafted":{"minecraft:grindstone":1,"minecraft:oak_planks":992,"minecraft:stone":28,"minecraft:bookshelf":7,"minecraft:cooked_mutton":5,"minecraft:warped_planks":36,"minecraft:iron_boots":2,"minecraft:chest":10,"minecraft:stone_hoe":1,"minecraft:golden_sword":1,"minecraft:golden_boots":1,"minecraft:oak_slab":18,"minecraft:cauldron":1,"minecraft:crafting_table":8,"minecraft:iron_helmet":3,"minecraft:baked_potato":2,"minecraft:birch_planks":172,"minecraft:iron_chestplate":2,"minecraft:diamond_pickaxe":2,"minecraft:shield":6,"minecraft:stick":232,"minecraft:stone_slab":6,"minecraft:iron_ingot":57,"minecraft:iron_pickaxe":2,"minecraft:iron_block":3,"minecraft:gold_ingot":51,"minecraft:redstone_torch":6,"minecraft:composter":2,"minecraft:oak_door":3,"minecraft:stone_shovel":2,"minecraft:furnace":5,"minecraft:bone_meal":6,"minecraft:oak_trapdoor":4,"minecraft:flint_and_steel":1,"minecraft:iron_axe":3,"minecraft:ladder":18,"minecraft:iron_hoe":1,"minecraft:golden_helmet":1,"minecraft:minecart":1,"minecraft:wheat":315,"minecraft:crimson_planks":44,"minecraft:diamond_sword":2,"minecraft:enchanting_table":1,"minecraft:iron_sword":5,"minecraft:bucket":3,"minecraft:stone_axe":1,"minecraft:bread":153,"minecraft:air":0,"minecraft:oak_fence_gate":1,"minecraft:oak_boat":2,"minecraft:white_wool":1,"minecraft:white_dye":1,"minecraft:wooden_axe":1,"minecraft:iron_shovel":5,"minecraft:iron_leggings":3,"minecraft:anvil":1,"minecraft:white_bed":6,"minecraft:torch":268},"minecraft:broken":{"minecraft:iron_shovel":2,"minecraft:wooden_axe":1,"minecraft:shield":2,"minecraft:golden_axe":1,"minecraft:iron_axe":2},"minecraft:killed":{"minecraft:zombified_piglin":1,"minecraft:witch":1,"minecraft:spider":63,"minecraft:skeleton":20,"minecraft:bee":1,"minecraft:chicken":3,"minecraft:piglin":4,"minecraft:pig":7,"minecraft:iron_golem":2,"minecraft:creeper":3,"minecraft:sheep":8,"minecraft:zombie":49,"minecraft:ghast":2,"minecraft:cow":4,"minecraft:blaze":17,"minecraft:hoglin":2,"minecraft:player":1,"minecraft:enderman":3}},"DataVersion":3700}