{"stats":{"minecraft:used":{"minecraft:iron_shovel":769,"minecraft:ladder":18,"minecraft:shield":150,"minecraft:chest":12,"minecraft:stone":41,"minecraft:iron_sword":419,"minecraft:rotten_flesh":32,"minecraft:iron_chestplate":9,"minecraft:mutton":5,"minecraft:tuff":1,"minecraft:obsidian":10,"minecraft:lava_bucket":8,"minecraft:iron_helmet":2,"minecraft:furnace":5,"minecraft:oak_sapling":9,"minecraft:egg":3,"minecraft:potato":35,"minecraft:diorite":5,"minecraft:powered_rail":10,"minecraft:oak_planks":719,"minecraft:composter":2,"minecraft:golden_apple":1,"minecraft:blast_furnace":2,"minecraft:dripstone_block":6,"minecraft:redstone_torch":4,"minecraft:bread":92,"minecraft:lectern":1,"minecraft:gravel":11,"minecraft:diamond_sword":26,"minecraft:andesite":1,"minecraft:oak_boat":24,"minecraft:oak_trapdoor":4,"minecraft:enchanting_table":3,"minecraft:flint_and_steel":1,"minecraft:stone_shovel":45,"minecraft:stone_hoe":91,"minecraft:netherrack":7,"minecraft:oak_door":2,"minecraft:torch":276,"minecraft:brewing_stand":1,"minecraft:dirt":185,"minecraft:granite":13,"minecraft:oak_fence_gate":3,"minecraft:iron_hoe":109,"minecraft:wooden_axe":34,"minecraft:bookshelf":7,"minecraft:iron_axe":591,"minecraft:iron_boots":8,"minecraft:beef":6,"minecraft:minecart":6,"minecraft:cobbled_deepslate":2,"minecraft:golden_axe":32,"minecraft:iron_leggings":8,"minecraft:pointed_dripstone":8,"minecraft:wheat_seeds":183,"minecraft:cooked_mutton":3,"minecraft:water_bucket":231,"minecraft:baked_potato":2,"minecraft:cauldron":26,"minecraft:rail":371,"minecraft:crafting_table":15,"minecraft:white_bed":29,"minecraft:warped_planks":31,"minecraft:oak_log":13,"minecraft:diamond_pickaxe":957,"minecraft:apple":7,"minecraft:chicken":2,"minecraft:iron_pickaxe":332,"minecraft:leather_helmet":1,"minecraft:stone_axe":47,"minecraft:cobblestone":301,"minecraft:porkchop":16,"minecraft:bucket":239},"minecraft:broken":{"minecraft:iron_shovel":2,"minecraft:wooden_axe":1,"minecraft:shield":2,"minecraft:golden_axe":1,"minecraft:iron_axe":2},"minecraft:killed_by":{"minecraft:wither_skeleton":1,"minecraft:creeper":1,"minecraft:blaze":1,"minecraft:witch":1,"minecraft:zombie":5,"minecraft:player":1,"minecraft:skeleton":3},"minecraft:mined":{"minecraft:white_bed":23,"minecraft:farmland":1,"minecraft:brewing_stand":1,"minecraft:obsidian":23,"minecraft:grass_block":331,"minecraft:composter":5,"minecraft:glowstone":15,"minecraft:fire":13,"minecraft:iron_ore":110,"minecraft:cobbled_deepslate":1,"minecraft:pumpkin":2,"minecraft:fletching_table":1,"minecraft:azure_bluet":5,"minecraft:enchanting_table":2,"minecraft:pointed_dripstone":32,"minecraft:water_cauldron":2,"minecraft:dirt_path":22,"minecraft:deepslate_redstone_ore":5,"minecraft:torch":6,"minecraft:blast_furnace":1,"minecraft:poppy":1,"minecraft:chest":3,"minecraft:nether_quartz_ore":24,"minecraft:cobblestone":88,"minecraft:sugar_cane":2,"minecraft:oak_planks":133,"minecraft:wall_torch":16,"minecraft:cauldron":26,"minecraft:chain":1,"minecraft:powered_rail":5,"minecraft:warped_planks":1,"minecraft:wheat":103,"minecraft:oak_log":239,"minecraft:beetroots":3,"minecraft:oak_fence_gate":2,"minecraft:dirt":460,"minecraft:netherrack":18,"minecraft:oak_leaves":89,"minecraft:deepslate":18,"minecraft:nether_gold_ore":23,"minecraft:tuff":1,"minecraft:mossy_cobblestone":1,"minecraft:deepslate_diamond_ore":12,"minecraft:nether_bricks":8,"minecraft:hay_block":57,"minecraft:redstone_ore":4,"minecraft:carrots":17,"minecraft:andesite":4,"minecraft:bell":2,"minecraft:bookshelf":8,"minecraft:potatoes":20,"minecraft:shroomlight":2,"minecraft:deepslate_iron_ore":28,"minecraft:rail":232,"minecraft:warped_stem":9,"minecraft:stripped_oak_log":8,"minecraft:stone":459,"minecraft:oak_fence":4,"minecraft:crafting_table":10,"minecraft:short_grass":602,"minecraft:emerald_ore":1,"minecraft:lectern":3,"minecraft:tall_grass":118,"minecraft:deepslate_gold_ore":8,"minecraft:diorite":12,"minecraft:warped_wart_block":2,"minecraft:redstone_torch":1,"minecraft:yellow_bed":1,"minecraft:coal_ore":77,"minecraft:gravel":11,"minecraft:dripstone_block":7,"minecraft:cobweb":25,"minecraft:gold_ore":10},"minecraft:killed":{"minecraft:witch":1,"minecraft:spider":20,"minecraft:skeleton":19,"minecraft:chicken":3,"minecraft:piglin":2,"minecraft:pig":7,"minecraft:iron_golem":2,"minecraft:creeper":3,"minecraft:sheep":8,"minecraft:zombie":48,"minecraft:ghast":1,"minecraft:blaze":2,"minecraft:cow":4,"minecraft:player":1},"minecraft:crafted":{"minecraft:oak_planks":896,"minecraft:stone":25,"minecraft:bookshelf":7,"minecraft:cooked_mutton":5,"minecraft:warped_planks":36,"minecraft:iron_boots":1,"minecraft:chest":8,"minecraft:stone_hoe":1,"minecraft:golden_sword":1,"minecraft:oak_slab":18,"minecraft:cauldron":1,"minecraft:crafting_table":8,"minecraft:baked_potato":2,"minecraft:iron_helmet":1,"minecraft:birch_planks":172,"minecraft:iron_chestplate":1,"minecraft:diamond_pickaxe":2,"minecraft:shield":4,"minecraft:stick":220,"minecraft:iron_ingot":57,"minecraft:iron_pickaxe":2,"minecraft:gold_ingot":14,"minecraft:redstone_torch":6,"minecraft:composter":2,"minecraft:oak_door":3,"minecraft:stone_shovel":2,"minecraft:furnace":5,"minecraft:bone_meal":6,"minecraft:oak_trapdoor":4,"minecraft:flint_and_steel":1,"minecraft:iron_axe":2,"minecraft:ladder":18,"minecraft:iron_hoe":1,"minecraft:golden_helmet":1,"minecraft:minecart":1,"minecraft:wheat":198,"minecraft:diamond_sword":1,"minecraft:enchanting_table":1,"minecraft:iron_sword":2,"minecraft:bucket":1,"minecraft:stone_axe":1,"minecraft:bread":93,"minecraft:air":0,"minecraft:oak_fence_gate":1,"minecraft:oak_boat":2,"minecraft:white_wool":1,"minecraft:white_dye":1,"minecraft:wooden_axe":1,"minecraft:iron_shovel":4,"minecraft:iron_leggings":1,"minecraft:white_bed":6,"minecraft:torch":264},"minecraft:picked_up":{"minecraft:wooden_axe":3,"minecraft:iron_chestplate":10,"minecraft:wheat":122,"minecraft:stone_slab":59,"minecraft:oak_stairs":2,"minecraft:enchanted_book":1,"minecraft:brewing_stand":1,"minecraft:string":40,"minecraft:raw_copper":5,"minecraft:smooth_stone_slab":24,"minecraft:iron_leggings":11,"minecraft:shroomlight":2,"minecraft:oak_sign":9,"minecraft:beetroot":2,"minecraft:gold_nugget":91,"minecraft:cobbled_deepslate":23,"minecraft:smooth_stone":65,"minecraft:bucket":5,"minecraft:redstone_torch":1,"minecraft:cobblestone_slab":158,"minecraft:iron_pickaxe":12,"minecraft:enchanted_golden_apple":1,"minecraft:iron_boots":8,"minecraft:stick":67,"minecraft:composter":5,"minecraft:oak_fence":7,"minecraft:torch":229,"minecraft:porkchop":12,"minecraft:golden_axe":2,"minecraft:pointed_dripstone":94,"minecraft:diorite":43,"minecraft:warped_planks":1,"minecraft:cauldron":25,"minecraft:rotten_flesh":70,"minecraft:blaze_rod":2,"minecraft:obsidian":23,"minecraft:cobblestone":921,"minecraft:enchanting_table":2,"minecraft:water_bucket":3,"minecraft:andesite":6,"minecraft:potato":85,"minecraft:flint":2,"minecraft:tuff":20,"minecraft:dirt":825,"minecraft:name_tag":1,"minecraft:bone":16,"minecraft:bow":2,"minecraft:wheat_seeds":464,"minecraft:raw_gold":42,"minecraft:bell":5,"minecraft:fletching_table":1,"minecraft:glowstone_dust":93,"minecraft:powered_rail":12,"minecraft:stone_hoe":1,"minecraft:oak_planks":198,"minecraft:warped_wart_block":2,"minecraft:nether_brick_stairs":1,"minecraft:iron_hoe":1,"minecraft:sugar":2,"minecraft:diamond":24,"minecraft:granite":24,"minecraft:bread":25,"minecraft:emerald":2,"minecraft:oak_sapling":30,"minecraft:netherrack":12,"minecraft:diamond_pickaxe":5,"minecraft:crafting_table":13,"minecraft:nether_wart":23,"minecraft:allium":40,"minecraft:azure_bluet":16,"minecraft:chicken":2,"minecraft:ladder":2,"minecraft:chest_minecart":8,"minecraft:wooden_pickaxe":1,"minecraft:chain":1,"minecraft:shield":8,"minecraft:iron_axe":3,"minecraft:flint_and_steel":2,"minecraft:iron_shovel":6,"minecraft:beef":9,"minecraft:oak_boat":23,"minecraft:poppy":6,"minecraft:lectern":3,"minecraft:minecart":6,"minecraft:sugar_cane":4,"minecraft:chest":5,"minecraft:birch_sapling":11,"minecraft:egg":3,"minecraft:raw_iron":164,"minecraft:stone":16,"minecraft:carrot":20,"minecraft:redstone":135,"minecraft:arrow":17,"minecraft:beetroot_seeds":8,"minecraft:nether_bricks":1,"minecraft:hay_block":52,"minecraft:saddle":3,"minecraft:white_wool":17,"minecraft:rail":370,"minecraft:glow_berries":15,"minecraft:mutton":10,"minecraft:oxeye_daisy":1,"minecraft:stripped_oak_log":8,"minecraft:glow_ink_sac":11,"minecraft:leather":5,"minecraft:oak_log":234,"minecraft:gunpowder":12,"minecraft:apple":9,"minecraft:warped_stem":9,"minecraft:oak_fence_gate":2,"minecraft:iron_ingot":25,"minecraft:stone_pickaxe":1,"minecraft:iron_sword":10,"minecraft:book":24,"minecraft:oak_slab":4,"minecraft:quartz":22,"minecraft:dandelion":3,"minecraft:dripstone_block":10,"minecraft:gravel":15,"minecraft:blast_furnace":1,"minecraft:white_bed":27,"minecraft:crying_obsidian":3,"minecraft:spider_eye":3,"minecraft:iron_helmet":6,"minecraft:baked_potato":35,"minecraft:melon_seeds":12,"minecraft:coal":93,"minecraft:hopper":6},"minecraft:dropped":{"minecraft:iron_sword":2,"minecraft:oak_log":5,"minecraft:rail":1,"minecraft:dirt":346,"minecraft:iron_pickaxe":4,"minecraft:cobbled_deepslate":7,"minecraft:birch_sapling":11,"minecraft:wheat":1,"minecraft:pointed_dripstone":1,"minecraft:beetroot":2,"minecraft:rotten_flesh":17,"minecraft:oak_planks":28,"minecraft:cooked_mutton":2,"minecraft:azure_bluet":9,"minecraft:poppy":2,"minecraft:gunpowder":7,"minecraft:beetroot_seeds":4,"minecraft:arrow":1,"minecraft:stone_hoe":1,"minecraft:iron_ingot":1,"minecraft:oak_slab":4,"minecraft:wheat_seeds":29,"minecraft:dripstone_block":4,"minecraft:oak_fence":5,"minecraft:cobblestone":100,"minecraft:granite":9,"minecraft:stick":6,"minecraft:oxeye_daisy":1,"minecraft:iron_leggings":2,"minecraft:oak_stairs":1,"minecraft:iron_axe":1,"minecraft:iron_shovel":3,"minecraft:string":5,"minecraft:bucket":1,"minecraft:dandelion":3,"minecraft:tuff":6,"minecraft:raw_iron":5,"minecraft:stone_shovel":2,"minecraft:iron_boots":1,"minecraft:nether_bricks":1,"minecraft:shield":2,"minecraft:allium":20,"minecraft:iron_chestplate":1,"minecraft:diamond_pickaxe":3,"minecraft:oak_sapling":2,"minecraft:oak_boat":1,"minecraft:redstone_torch":1,"minecraft:spider_eye":2,"minecraft:bow":2,"minecraft:stone_pickaxe":1,"minecraft:wooden_pickaxe":1,"minecraft:raw_gold":21},"minecraft:custom":{"minecraft:interact_with_crafting_table":110,"minecraft:leave_game":5,"minecraft:time_since_death":5286,"minecraft:sprint_one_cm":1543052,"minecraft:damage_blocked_by_shield":9630,"minecraft:drop":142,"minecraft:talked_to_villager":69,"minecraft:play_time":553032,"minecraft:deaths":18,"minecraft:jump":9361,"minecraft:interact_with_brewingstand":1,"minecraft:walk_on_water_one_cm":65069,"minecraft:enchant_item":1,"minecraft:interact_with_furnace":83,"minecraft:sleep_in_bed":28,"minecraft:damage_dealt":21364,"minecraft:player_kills":1,"minecraft:crouch_one_cm":36493,"minecraft:use_cauldron":4,"minecraft:inspect_dispenser":2,"minecraft:mob_kills":125,"minecraft:climb_one_cm":37157,"minecraft:walk_one_cm":1261908,"minecraft:sneak_time":12240,"minecraft:walk_under_water_one_cm":82643,"minecraft:boat_one_cm":58592,"minecraft:interact_with_blast_furnace":7,"minecraft:total_world_time":553477,"minecraft:time_since_rest":5308,"minecraft:damage_taken":9054,"minecraft:damage_absorbed":40,"minecraft:swim_one_cm":17988,"minecraft:fly_one_cm":1619732,"minecraft:open_chest":229,"minecraft:fall_one_cm":286294}},"DataVersion":3700}